> Task :expo-gradle-plugin:expo-autolinking-plugin-shared:checkKotlinGradlePluginConfigurationErrors SKIPPED
> Task :expo-gradle-plugin:expo-autolinking-settings-plugin:checkKotlinGradlePluginConfigurationErrors SKIPPED
> Task :gradle-plugin:settings-plugin:checkKotlinGradlePluginConfigurationErrors SKIPPED
> Task :gradle-plugin:shared:checkKotlinGradlePluginConfigurationErrors SKIPPED
> Task :expo-gradle-plugin:expo-autolinking-settings-plugin:pluginDescriptors UP-TO-DATE
> Task :gradle-plugin:settings-plugin:pluginDescriptors UP-TO-DATE
> Task :expo-gradle-plugin:expo-autolinking-settings-plugin:processResources UP-TO-DATE
> Task :gradle-plugin:settings-plugin:processResources UP-TO-DATE
> Task :gradle-plugin:shared:compileKotlin UP-TO-DATE
> Task :expo-gradle-plugin:expo-autolinking-plugin-shared:compileKotlin UP-TO-DATE
> Task :gradle-plugin:shared:compileJava NO-SOURCE
> Task :expo-gradle-plugin:expo-autolinking-plugin-shared:compileJava NO-SOURCE
> Task :gradle-plugin:shared:processResources NO-SOURCE
> Task :gradle-plugin:shared:classes UP-TO-DATE
> Task :expo-gradle-plugin:expo-autolinking-plugin-shared:processResources NO-SOURCE
> Task :expo-gradle-plugin:expo-autolinking-plugin-shared:classes UP-TO-DATE
> Task :gradle-plugin:shared:jar UP-TO-DATE
> Task :expo-gradle-plugin:expo-autolinking-plugin-shared:jar UP-TO-DATE
> Task :gradle-plugin:settings-plugin:compileKotlin UP-TO-DATE
> Task :gradle-plugin:settings-plugin:compileJava NO-SOURCE
> Task :gradle-plugin:settings-plugin:classes UP-TO-DATE
> Task :gradle-plugin:settings-plugin:jar UP-TO-DATE
> Task :expo-gradle-plugin:expo-autolinking-settings-plugin:compileKotlin UP-TO-DATE
> Task :expo-gradle-plugin:expo-autolinking-settings-plugin:compileJava NO-SOURCE
> Task :expo-gradle-plugin:expo-autolinking-settings-plugin:classes UP-TO-DATE
> Task :expo-gradle-plugin:expo-autolinking-settings-plugin:jar UP-TO-DATE
> Task :expo-gradle-plugin:expo-autolinking-plugin:checkKotlinGradlePluginConfigurationErrors SKIPPED
> Task :gradle-plugin:react-native-gradle-plugin:checkKotlinGradlePluginConfigurationErrors SKIPPED
> Task :expo-module-gradle-plugin:checkKotlinGradlePluginConfigurationErrors SKIPPED
> Task :expo-dev-launcher-gradle-plugin:checkKotlinGradlePluginConfigurationErrors SKIPPED
> Task :expo-module-gradle-plugin:pluginDescriptors UP-TO-DATE
> Task :expo-module-gradle-plugin:processResources UP-TO-DATE
> Task :expo-dev-launcher-gradle-plugin:pluginDescriptors UP-TO-DATE
> Task :expo-dev-launcher-gradle-plugin:processResources UP-TO-DATE
> Task :expo-gradle-plugin:expo-autolinking-plugin:compileKotlin UP-TO-DATE
> Task :gradle-plugin:react-native-gradle-plugin:compileKotlin UP-TO-DATE
> Task :expo-gradle-plugin:expo-autolinking-plugin:compileJava NO-SOURCE
> Task :gradle-plugin:react-native-gradle-plugin:compileJava NO-SOURCE
> Task :expo-gradle-plugin:expo-autolinking-plugin:pluginDescriptors UP-TO-DATE
> Task :gradle-plugin:react-native-gradle-plugin:pluginDescriptors UP-TO-DATE
> Task :expo-gradle-plugin:expo-autolinking-plugin:processResources UP-TO-DATE
> Task :expo-gradle-plugin:expo-autolinking-plugin:classes UP-TO-DATE
> Task :gradle-plugin:react-native-gradle-plugin:processResources UP-TO-DATE
> Task :gradle-plugin:react-native-gradle-plugin:classes UP-TO-DATE
> Task :gradle-plugin:react-native-gradle-plugin:jar UP-TO-DATE
> Task :expo-gradle-plugin:expo-autolinking-plugin:jar UP-TO-DATE
> Task :expo-dev-launcher-gradle-plugin:compileKotlin UP-TO-DATE
> Task :expo-module-gradle-plugin:compileKotlin UP-TO-DATE
> Task :expo-dev-launcher-gradle-plugin:compileJava NO-SOURCE
> Task :expo-module-gradle-plugin:compileJava NO-SOURCE
> Task :expo-dev-launcher-gradle-plugin:classes UP-TO-DATE
> Task :expo-module-gradle-plugin:classes UP-TO-DATE
> Task :expo-dev-launcher-gradle-plugin:jar UP-TO-DATE
> Task :expo-module-gradle-plugin:jar UP-TO-DATE

> Configure project :app
 ℹ️  [33mApplying gradle plugin[0m '[32mexpo-dev-launcher-gradle-plugin[0m'

> Configure project :
[32m[ExpoRootProject][0m Using the following versions:
  - buildTools:  [32m36.0.0[0m
  - minSdk:      [32m26[0m
  - compileSdk:  [32m36[0m
  - targetSdk:   [32m36[0m
  - ndk:         [32m27.1.12297006[0m
  - kotlin:      [32m2.1.20[0m
  - ksp:         [32m2.1.20-2.0.1[0m

> Configure project :expo

Using expo modules
  - [32mexpo-constants[0m (18.0.14)
  - [32mexpo-dev-client[0m (6.0.21)
  - [32mexpo-dev-launcher[0m (6.0.21)
  - [32mexpo-dev-menu[0m (7.0.19)
  - [32mexpo-dev-menu-interface[0m (2.0.0)
  - [32mexpo-json-utils[0m (0.15.0)
  - [32mexpo-manifests[0m (1.0.11)
  - [32mexpo-modules-core[0m (3.0.30)
  - [32mexpo-updates-interface[0m (2.0.0)
  - [32mreact-native-health-connect-expo[0m (4.1.3)
  - [33m[📦][0m [32mexpo-application[0m (7.0.8)
  - [33m[📦][0m [32mexpo-asset[0m (12.0.13)
  - [33m[📦][0m [32mexpo-blur[0m (15.0.8)
  - [33m[📦][0m [32mexpo-calendar[0m (15.0.8)
  - [33m[📦][0m [32mexpo-device[0m (8.0.10)
  - [33m[📦][0m [32mexpo-file-system[0m (19.0.24)
  - [33m[📦][0m [32mexpo-font[0m (14.0.12)
  - [33m[📦][0m [32mexpo-keep-awake[0m (15.0.8)
  - [33m[📦][0m [32mexpo-linear-gradient[0m (15.0.8)
  - [33m[📦][0m [32mexpo-linking[0m (8.0.12)
  - [33m[📦][0m [32mexpo-notifications[0m (0.32.17)
  - [33m[📦][0m [32mexpo-system-ui[0m (6.0.9)


> Task :expo-dev-client:preBuild UP-TO-DATE
> Task :expo:generatePackagesList UP-TO-DATE
> Task :expo:preBuild UP-TO-DATE
> Task :expo-dev-launcher:preBuild UP-TO-DATE
> Task :expo-dev-menu:preBuild UP-TO-DATE
> Task :expo-json-utils:preBuild UP-TO-DATE
> Task :expo-dev-menu-interface:preBuild UP-TO-DATE
> Task :expo-manifests:preBuild UP-TO-DATE
> Task :expo-modules-core:preBuild UP-TO-DATE
> Task :expo-updates-interface:preBuild UP-TO-DATE
> Task :react-native-async-storage_async-storage:generateCodegenSchemaFromJavaScript UP-TO-DATE
> Task :react-native-async-storage_async-storage:generateCodegenArtifactsFromSchema UP-TO-DATE
> Task :react-native-async-storage_async-storage:preBuild UP-TO-DATE
> Task :react-native-community_datetimepicker:generateCodegenSchemaFromJavaScript UP-TO-DATE
> Task :react-native-community_datetimepicker:generateCodegenArtifactsFromSchema UP-TO-DATE
> Task :react-native-community_datetimepicker:preBuild UP-TO-DATE
> Task :react-native-gesture-handler:generateCodegenSchemaFromJavaScript UP-TO-DATE
> Task :react-native-gesture-handler:generateCodegenArtifactsFromSchema UP-TO-DATE
> Task :react-native-gesture-handler:preBuild UP-TO-DATE
> Task :react-native-health-connect:generateCodegenSchemaFromJavaScript UP-TO-DATE
> Task :react-native-health-connect:generateCodegenArtifactsFromSchema UP-TO-DATE
> Task :react-native-health-connect:preBuild UP-TO-DATE
> Task :react-native-health-connect-expo:preBuild UP-TO-DATE
> Task :react-native-safe-area-context:generateCodegenSchemaFromJavaScript UP-TO-DATE
> Task :react-native-safe-area-context:generateCodegenArtifactsFromSchema UP-TO-DATE
> Task :react-native-safe-area-context:preBuild UP-TO-DATE
> Task :react-native-screens:generateCodegenSchemaFromJavaScript UP-TO-DATE
> Task :react-native-screens:generateCodegenArtifactsFromSchema UP-TO-DATE
> Task :react-native-screens:preBuild UP-TO-DATE
> Task :react-native-svg:generateCodegenSchemaFromJavaScript UP-TO-DATE
> Task :react-native-svg:generateCodegenArtifactsFromSchema UP-TO-DATE
> Task :react-native-svg:preBuild UP-TO-DATE
> Task :react-native-webview:generateCodegenSchemaFromJavaScript UP-TO-DATE
> Task :react-native-webview:generateCodegenArtifactsFromSchema UP-TO-DATE
> Task :react-native-webview:preBuild UP-TO-DATE
> Task :expo:preDebugBuild UP-TO-DATE
> Task :expo:writeDebugAarMetadata UP-TO-DATE
> Task :expo-dev-client:preDebugBuild UP-TO-DATE
> Task :expo-dev-client:writeDebugAarMetadata UP-TO-DATE
> Task :expo-dev-launcher:preDebugBuild UP-TO-DATE
> Task :expo-dev-launcher:writeDebugAarMetadata UP-TO-DATE
> Task :expo-dev-menu:preDebugBuild UP-TO-DATE
> Task :expo-dev-menu:writeDebugAarMetadata UP-TO-DATE
> Task :expo-dev-menu-interface:preDebugBuild UP-TO-DATE
> Task :expo-dev-menu-interface:writeDebugAarMetadata UP-TO-DATE
> Task :expo-json-utils:preDebugBuild UP-TO-DATE
> Task :expo-json-utils:writeDebugAarMetadata UP-TO-DATE
> Task :expo-manifests:preDebugBuild UP-TO-DATE
> Task :expo-manifests:writeDebugAarMetadata UP-TO-DATE
> Task :expo-modules-core:preDebugBuild UP-TO-DATE
> Task :expo-modules-core:writeDebugAarMetadata UP-TO-DATE
> Task :expo-updates-interface:preDebugBuild UP-TO-DATE
> Task :expo-updates-interface:writeDebugAarMetadata UP-TO-DATE
> Task :react-native-async-storage_async-storage:preDebugBuild UP-TO-DATE
> Task :react-native-community_datetimepicker:preDebugBuild UP-TO-DATE
> Task :react-native-async-storage_async-storage:writeDebugAarMetadata UP-TO-DATE
> Task :react-native-community_datetimepicker:writeDebugAarMetadata UP-TO-DATE
> Task :react-native-gesture-handler:preDebugBuild UP-TO-DATE
> Task :react-native-health-connect:preDebugBuild UP-TO-DATE
> Task :react-native-gesture-handler:writeDebugAarMetadata UP-TO-DATE
> Task :react-native-health-connect-expo:preDebugBuild UP-TO-DATE
> Task :react-native-health-connect:writeDebugAarMetadata UP-TO-DATE
> Task :react-native-health-connect-expo:writeDebugAarMetadata UP-TO-DATE
> Task :react-native-safe-area-context:preDebugBuild UP-TO-DATE
> Task :react-native-screens:preDebugBuild UP-TO-DATE
> Task :react-native-safe-area-context:writeDebugAarMetadata UP-TO-DATE
> Task :react-native-svg:preDebugBuild UP-TO-DATE
> Task :react-native-screens:writeDebugAarMetadata UP-TO-DATE
> Task :react-native-svg:writeDebugAarMetadata UP-TO-DATE
> Task :react-native-webview:preDebugBuild UP-TO-DATE
> Task :expo:generateDebugResValues UP-TO-DATE
> Task :react-native-webview:writeDebugAarMetadata UP-TO-DATE
> Task :expo-dev-client:generateDebugResValues UP-TO-DATE
> Task :expo:generateDebugResources UP-TO-DATE
> Task :expo-dev-client:generateDebugResources UP-TO-DATE
> Task :expo:packageDebugResources
> Task :expo-dev-client:packageDebugResources
> Task :expo-dev-menu:generateDebugResValues UP-TO-DATE
> Task :expo-dev-launcher:generateDebugResValues UP-TO-DATE
> Task :expo-dev-menu:generateDebugResources UP-TO-DATE
> Task :expo-dev-launcher:generateDebugResources UP-TO-DATE
> Task :app:generateAutolinkingNewArchitectureFiles UP-TO-DATE
> Task :expo-dev-launcher:packageDebugResources
> Task :app:generateAutolinkingPackageList UP-TO-DATE
> Task :app:generateCodegenSchemaFromJavaScript SKIPPED
> Task :expo-dev-menu-interface:generateDebugResValues UP-TO-DATE
> Task :app:generateCodegenArtifactsFromSchema SKIPPED
> Task :expo-dev-menu-interface:generateDebugResources UP-TO-DATE
> Task :expo-dev-menu:packageDebugResources
> Task :app:generateReactNativeEntryPoint UP-TO-DATE
> Task :expo-json-utils:generateDebugResValues UP-TO-DATE
> Task :app:checkKotlinGradlePluginConfigurationErrors SKIPPED
> Task :expo-manifests:generateDebugResValues UP-TO-DATE
> Task :expo-json-utils:generateDebugResources UP-TO-DATE
> Task :expo-manifests:generateDebugResources UP-TO-DATE
> Task :expo-dev-menu-interface:packageDebugResources
> Task :expo-modules-core:generateDebugResValues UP-TO-DATE
> Task :expo-json-utils:packageDebugResources
> Task :expo-modules-core:generateDebugResources UP-TO-DATE
> Task :expo-updates-interface:generateDebugResValues UP-TO-DATE
> Task :expo-manifests:packageDebugResources
> Task :expo-updates-interface:generateDebugResources UP-TO-DATE
> Task :react-native-async-storage_async-storage:generateDebugResValues UP-TO-DATE
> Task :react-native-async-storage_async-storage:generateDebugResources UP-TO-DATE
> Task :react-native-async-storage_async-storage:packageDebugResources
> Task :expo-modules-core:packageDebugResources
> Task :expo-updates-interface:packageDebugResources
> Task :react-native-gesture-handler:generateDebugResValues UP-TO-DATE
> Task :react-native-community_datetimepicker:generateDebugResValues UP-TO-DATE
> Task :react-native-health-connect:generateDebugResValues UP-TO-DATE
> Task :react-native-gesture-handler:generateDebugResources UP-TO-DATE
> Task :react-native-health-connect:generateDebugResources UP-TO-DATE
> Task :react-native-community_datetimepicker:generateDebugResources UP-TO-DATE
> Task :react-native-health-connect:packageDebugResources
> Task :react-native-gesture-handler:packageDebugResources
> Task :react-native-health-connect-expo:generateDebugResValues UP-TO-DATE
> Task :react-native-safe-area-context:generateDebugResValues UP-TO-DATE
> Task :react-native-safe-area-context:generateDebugResources UP-TO-DATE
> Task :react-native-health-connect-expo:generateDebugResources UP-TO-DATE
> Task :react-native-safe-area-context:packageDebugResources
> Task :react-native-health-connect-expo:packageDebugResources
> Task :react-native-svg:generateDebugResValues UP-TO-DATE
> Task :react-native-screens:generateDebugResValues UP-TO-DATE
> Task :react-native-community_datetimepicker:packageDebugResources
> Task :react-native-svg:generateDebugResources UP-TO-DATE
> Task :react-native-webview:generateDebugResValues UP-TO-DATE
> Task :react-native-screens:generateDebugResources UP-TO-DATE
> Task :react-native-webview:generateDebugResources UP-TO-DATE
> Task :react-native-svg:packageDebugResources
> Task :react-native-webview:packageDebugResources
> Task :expo-dev-client:extractDeepLinksDebug UP-TO-DATE
> Task :expo:extractDeepLinksDebug UP-TO-DATE
> Task :expo-dev-client:processDebugManifest
> Task :expo:processDebugManifest
> Task :expo-dev-menu:extractDeepLinksDebug UP-TO-DATE
> Task :expo-dev-launcher:extractDeepLinksDebug UP-TO-DATE
> Task :expo-dev-menu:processDebugManifest
> Task :expo-dev-menu-interface:extractDeepLinksDebug UP-TO-DATE
> Task :expo-dev-launcher:processDebugManifest
> Task :expo-json-utils:extractDeepLinksDebug UP-TO-DATE
> Task :expo-dev-menu-interface:processDebugManifest
> Task :expo-json-utils:processDebugManifest
> Task :react-native-screens:packageDebugResources
> Task :expo-modules-core:extractDeepLinksDebug UP-TO-DATE
> Task :expo-updates-interface:extractDeepLinksDebug UP-TO-DATE
> Task :expo-manifests:extractDeepLinksDebug UP-TO-DATE
> Task :expo-manifests:processDebugManifest
> Task :expo-updates-interface:processDebugManifest
> Task :react-native-async-storage_async-storage:extractDeepLinksDebug UP-TO-DATE
> Task :react-native-community_datetimepicker:extractDeepLinksDebug UP-TO-DATE

> Task :expo-modules-core:processDebugManifest
/Users/kyrie/Documents/Codex Questlife/QuestLife-v1/node_modules/expo-modules-core/android/src/main/AndroidManifest.xml:8:9-11:45 Warning:
	meta-data#com.facebook.soloader.enabled@android:value was tagged at AndroidManifest.xml:8 to replace other declarations but no other declaration present

> Task :react-native-gesture-handler:extractDeepLinksDebug UP-TO-DATE

> Task :react-native-async-storage_async-storage:processDebugManifest
package="com.reactnativecommunity.asyncstorage" found in source AndroidManifest.xml: /Users/kyrie/Documents/Codex Questlife/QuestLife-v1/node_modules/@react-native-async-storage/async-storage/android/src/main/AndroidManifest.xml.
Setting the namespace via the package attribute in the source AndroidManifest.xml is no longer supported, and the value is ignored.
Recommendation: remove package="com.reactnativecommunity.asyncstorage" from the source AndroidManifest.xml: /Users/kyrie/Documents/Codex Questlife/QuestLife-v1/node_modules/@react-native-async-storage/async-storage/android/src/main/AndroidManifest.xml.

> Task :react-native-gesture-handler:processDebugManifest
> Task :react-native-community_datetimepicker:processDebugManifest
> Task :react-native-health-connect:extractDeepLinksDebug UP-TO-DATE
> Task :react-native-health-connect-expo:extractDeepLinksDebug UP-TO-DATE
> Task :react-native-safe-area-context:extractDeepLinksDebug UP-TO-DATE
> Task :react-native-health-connect-expo:processDebugManifest

> Task :react-native-safe-area-context:processDebugManifest
package="com.th3rdwave.safeareacontext" found in source AndroidManifest.xml: /Users/kyrie/Documents/Codex Questlife/QuestLife-v1/node_modules/react-native-safe-area-context/android/src/main/AndroidManifest.xml.
Setting the namespace via the package attribute in the source AndroidManifest.xml is no longer supported, and the value is ignored.
Recommendation: remove package="com.th3rdwave.safeareacontext" from the source AndroidManifest.xml: /Users/kyrie/Documents/Codex Questlife/QuestLife-v1/node_modules/react-native-safe-area-context/android/src/main/AndroidManifest.xml.

> Task :react-native-health-connect:processDebugManifest
package="dev.matinzd.healthconnect" found in source AndroidManifest.xml: /Users/kyrie/Documents/Codex Questlife/QuestLife-v1/node_modules/react-native-health-connect/android/src/main/AndroidManifest.xml.
Setting the namespace via the package attribute in the source AndroidManifest.xml is no longer supported, and the value is ignored.
Recommendation: remove package="dev.matinzd.healthconnect" from the source AndroidManifest.xml: /Users/kyrie/Documents/Codex Questlife/QuestLife-v1/node_modules/react-native-health-connect/android/src/main/AndroidManifest.xml.

> Task :react-native-webview:extractDeepLinksDebug UP-TO-DATE
> Task :react-native-svg:extractDeepLinksDebug UP-TO-DATE
> Task :react-native-screens:extractDeepLinksDebug UP-TO-DATE
> Task :react-native-webview:processDebugManifest
> Task :react-native-screens:processDebugManifest
> Task :expo-dev-client:compileDebugLibraryResources UP-TO-DATE
> Task :expo:compileDebugLibraryResources UP-TO-DATE
> Task :react-native-svg:processDebugManifest
> Task :expo-dev-launcher:compileDebugLibraryResources UP-TO-DATE
> Task :expo-dev-client:parseDebugLocalResources UP-TO-DATE
> Task :expo:parseDebugLocalResources UP-TO-DATE
> Task :expo-dev-launcher:parseDebugLocalResources UP-TO-DATE
> Task :expo-dev-client:generateDebugRFile UP-TO-DATE
> Task :expo-dev-launcher:generateDebugRFile UP-TO-DATE
> Task :expo:generateDebugRFile UP-TO-DATE
> Task :expo-dev-menu-interface:compileDebugLibraryResources UP-TO-DATE
> Task :expo-json-utils:compileDebugLibraryResources UP-TO-DATE
> Task :expo-dev-menu:compileDebugLibraryResources UP-TO-DATE
> Task :expo-dev-menu-interface:parseDebugLocalResources UP-TO-DATE
> Task :expo-json-utils:parseDebugLocalResources UP-TO-DATE
> Task :expo-dev-menu:parseDebugLocalResources UP-TO-DATE
> Task :expo-dev-menu-interface:generateDebugRFile UP-TO-DATE
> Task :expo-json-utils:generateDebugRFile UP-TO-DATE
> Task :expo-manifests:compileDebugLibraryResources UP-TO-DATE
> Task :expo-dev-menu:generateDebugRFile UP-TO-DATE
> Task :expo-modules-core:compileDebugLibraryResources UP-TO-DATE
> Task :expo-manifests:parseDebugLocalResources UP-TO-DATE
> Task :expo-updates-interface:compileDebugLibraryResources UP-TO-DATE
> Task :expo-modules-core:parseDebugLocalResources UP-TO-DATE
> Task :expo-updates-interface:parseDebugLocalResources UP-TO-DATE
> Task :expo-manifests:generateDebugRFile UP-TO-DATE
> Task :expo-modules-core:generateDebugRFile UP-TO-DATE
> Task :react-native-async-storage_async-storage:compileDebugLibraryResources UP-TO-DATE
> Task :expo-updates-interface:generateDebugRFile UP-TO-DATE
> Task :react-native-community_datetimepicker:compileDebugLibraryResources UP-TO-DATE
> Task :react-native-gesture-handler:compileDebugLibraryResources UP-TO-DATE
> Task :react-native-gesture-handler:parseDebugLocalResources UP-TO-DATE
> Task :react-native-async-storage_async-storage:parseDebugLocalResources UP-TO-DATE
> Task :react-native-community_datetimepicker:parseDebugLocalResources UP-TO-DATE
> Task :react-native-gesture-handler:generateDebugRFile UP-TO-DATE
> Task :react-native-async-storage_async-storage:generateDebugRFile UP-TO-DATE
> Task :react-native-health-connect-expo:compileDebugLibraryResources UP-TO-DATE
> Task :react-native-community_datetimepicker:generateDebugRFile UP-TO-DATE
> Task :react-native-safe-area-context:compileDebugLibraryResources UP-TO-DATE
> Task :react-native-health-connect:compileDebugLibraryResources UP-TO-DATE
> Task :react-native-health-connect-expo:parseDebugLocalResources UP-TO-DATE
> Task :react-native-health-connect-expo:generateDebugRFile UP-TO-DATE
> Task :react-native-health-connect:parseDebugLocalResources UP-TO-DATE
> Task :react-native-safe-area-context:parseDebugLocalResources UP-TO-DATE
> Task :react-native-safe-area-context:generateDebugRFile UP-TO-DATE
> Task :react-native-health-connect:generateDebugRFile UP-TO-DATE
> Task :react-native-svg:compileDebugLibraryResources UP-TO-DATE
> Task :react-native-svg:parseDebugLocalResources UP-TO-DATE
> Task :react-native-screens:compileDebugLibraryResources UP-TO-DATE
> Task :react-native-webview:compileDebugLibraryResources UP-TO-DATE
> Task :react-native-svg:generateDebugRFile UP-TO-DATE
> Task :expo:checkKotlinGradlePluginConfigurationErrors SKIPPED
> Task :react-native-screens:parseDebugLocalResources UP-TO-DATE
> Task :react-native-webview:parseDebugLocalResources UP-TO-DATE
> Task :expo:generateDebugBuildConfig UP-TO-DATE
> Task :react-native-screens:generateDebugRFile UP-TO-DATE
> Task :expo-modules-core:checkKotlinGradlePluginConfigurationErrors SKIPPED
> Task :expo-dev-client:checkKotlinGradlePluginConfigurationErrors SKIPPED
> Task :expo-modules-core:generateDebugBuildConfig UP-TO-DATE
> Task :react-native-webview:generateDebugRFile UP-TO-DATE
> Task :expo-dev-launcher:checkKotlinGradlePluginConfigurationErrors SKIPPED
> Task :expo-dev-client:dataBindingMergeDependencyArtifactsDebug UP-TO-DATE
> Task :expo-dev-client:dataBindingGenBaseClassesDebug UP-TO-DATE
> Task :expo-dev-client:generateDebugBuildConfig UP-TO-DATE
> Task :expo-dev-client:javaPreCompileDebug UP-TO-DATE
> Task :expo-dev-menu:checkKotlinGradlePluginConfigurationErrors SKIPPED
> Task :expo-dev-launcher:dataBindingMergeDependencyArtifactsDebug UP-TO-DATE
> Task :expo-dev-menu:generateDebugBuildConfig UP-TO-DATE
> Task :expo-dev-menu-interface:checkKotlinGradlePluginConfigurationErrors SKIPPED
> Task :expo-dev-menu-interface:generateDebugBuildConfig UP-TO-DATE
> Task :expo-dev-launcher:dataBindingGenBaseClassesDebug UP-TO-DATE
> Task :expo-dev-menu-interface:javaPreCompileDebug
> Task :expo-json-utils:checkKotlinGradlePluginConfigurationErrors SKIPPED
> Task :expo-dev-launcher:generateDebugBuildConfig UP-TO-DATE
> Task :expo-json-utils:generateDebugBuildConfig UP-TO-DATE
> Task :expo-json-utils:javaPreCompileDebug UP-TO-DATE
> Task :expo-dev-launcher:checkApolloVersions UP-TO-DATE
> Task :expo-manifests:checkKotlinGradlePluginConfigurationErrors SKIPPED
> Task :expo-manifests:generateDebugBuildConfig UP-TO-DATE
> Task :expo-manifests:javaPreCompileDebug UP-TO-DATE
> Task :expo-dev-menu:javaPreCompileDebug UP-TO-DATE
> Task :expo-updates-interface:checkKotlinGradlePluginConfigurationErrors SKIPPED
> Task :expo-updates-interface:generateDebugBuildConfig UP-TO-DATE
> Task :expo-updates-interface:javaPreCompileDebug UP-TO-DATE
> Task :react-native-health-connect:checkKotlinGradlePluginConfigurationErrors SKIPPED
> Task :react-native-health-connect:generateDebugBuildConfig UP-TO-DATE
> Task :expo-dev-launcher:generateServiceApolloOptions UP-TO-DATE
> Task :expo-dev-launcher:generateServiceApolloSources UP-TO-DATE
> Task :expo-dev-launcher:javaPreCompileDebug UP-TO-DATE
> Task :react-native-health-connect-expo:checkKotlinGradlePluginConfigurationErrors SKIPPED
> Task :react-native-health-connect-expo:generateDebugBuildConfig UP-TO-DATE
> Task :react-native-health-connect-expo:javaPreCompileDebug UP-TO-DATE
> Task :expo:javaPreCompileDebug UP-TO-DATE
> Task :react-native-async-storage_async-storage:generateDebugBuildConfig UP-TO-DATE
> Task :react-native-health-connect:compileDebugKotlin UP-TO-DATE
> Task :react-native-async-storage_async-storage:javaPreCompileDebug UP-TO-DATE
> Task :react-native-health-connect:javaPreCompileDebug
> Task :react-native-async-storage_async-storage:compileDebugJavaWithJavac UP-TO-DATE
> Task :expo-modules-core:compileDebugKotlin UP-TO-DATE
> Task :expo-modules-core:javaPreCompileDebug UP-TO-DATE
> Task :react-native-async-storage_async-storage:bundleLibCompileToJarDebug
> Task :react-native-community_datetimepicker:checkKotlinGradlePluginConfigurationErrors SKIPPED
> Task :react-native-community_datetimepicker:generateDebugBuildConfig

> Task :expo-constants:createExpoConfig
The NODE_ENV environment variable is required but was not specified. Ensure the project is bundled with Expo CLI or NODE_ENV is set. Using only .env.local and .env

> Task :expo-constants:preBuild
> Task :app:preBuild
> Task :app:preDebugBuild
> Task :app:mergeDebugNativeDebugMetadata NO-SOURCE
> Task :app:generateDebugBuildConfig UP-TO-DATE
> Task :expo-constants:preDebugBuild
> Task :expo-constants:writeDebugAarMetadata UP-TO-DATE
> Task :expo-modules-core:compileDebugJavaWithJavac UP-TO-DATE
> Task :expo-constants:generateDebugResValues UP-TO-DATE
> Task :expo-constants:generateDebugResources UP-TO-DATE
> Task :expo-constants:packageDebugResources
> Task :expo-constants:extractDeepLinksDebug UP-TO-DATE
> Task :expo-constants:processDebugManifest
> Task :expo-constants:compileDebugLibraryResources UP-TO-DATE
> Task :expo-constants:parseDebugLocalResources UP-TO-DATE
> Task :expo-constants:generateDebugRFile UP-TO-DATE
> Task :expo-constants:checkKotlinGradlePluginConfigurationErrors SKIPPED
> Task :expo-constants:generateDebugBuildConfig UP-TO-DATE
> Task :expo-modules-core:bundleLibCompileToJarDebug UP-TO-DATE
> Task :expo-constants:compileDebugKotlin UP-TO-DATE
> Task :expo-constants:javaPreCompileDebug UP-TO-DATE
> Task :expo-constants:compileDebugJavaWithJavac UP-TO-DATE
> Task :expo-constants:bundleLibCompileToJarDebug UP-TO-DATE
> Task :expo-dev-client:compileDebugKotlin NO-SOURCE
> Task :expo-dev-client:compileDebugJavaWithJavac UP-TO-DATE
> Task :expo-dev-client:bundleLibCompileToJarDebug UP-TO-DATE
> Task :expo-dev-menu-interface:compileDebugKotlin UP-TO-DATE
> Task :app:checkDebugAarMetadata UP-TO-DATE
> Task :app:generateDebugResValues UP-TO-DATE
> Task :app:mapDebugSourceSetPaths UP-TO-DATE
> Task :app:generateDebugResources UP-TO-DATE
> Task :expo-dev-menu-interface:compileDebugJavaWithJavac
> Task :expo-dev-menu-interface:bundleLibCompileToJarDebug
> Task :expo-json-utils:compileDebugKotlin UP-TO-DATE
> Task :expo-json-utils:compileDebugJavaWithJavac UP-TO-DATE
> Task :expo-json-utils:bundleLibCompileToJarDebug UP-TO-DATE
> Task :expo-manifests:compileDebugKotlin UP-TO-DATE
> Task :expo-manifests:compileDebugJavaWithJavac UP-TO-DATE
> Task :expo-manifests:bundleLibCompileToJarDebug UP-TO-DATE
> Task :app:mergeDebugResources
> Task :app:packageDebugResources
> Task :app:parseDebugLocalResources UP-TO-DATE
> Task :app:createDebugCompatibleScreenManifests
> Task :app:extractDeepLinksDebug UP-TO-DATE

> Task :app:processDebugMainManifest
/Users/kyrie/Documents/Codex Questlife/QuestLife-v1/android/app/src/debug/AndroidManifest.xml:6:5-162 Warning:
	application@android:usesCleartextTraffic was tagged at AndroidManifest.xml:6 to replace other declarations but no other declaration present
/Users/kyrie/Documents/Codex Questlife/QuestLife-v1/android/app/src/debug/AndroidManifest.xml Warning:
	provider#expo.modules.filesystem.FileSystemFileProvider@android:authorities was tagged at AndroidManifest.xml:0 to replace other declarations but no other declaration present

> Task :app:processDebugManifest
> Task :app:processDebugManifestForPackage
> Task :react-native-health-connect:compileDebugJavaWithJavac
> Task :expo-updates-interface:compileDebugKotlin UP-TO-DATE
> Task :expo-updates-interface:compileDebugJavaWithJavac UP-TO-DATE
> Task :expo-updates-interface:bundleLibCompileToJarDebug UP-TO-DATE
> Task :react-native-health-connect:bundleLibCompileToJarDebug
> Task :react-native-health-connect-expo:compileDebugKotlin
> Task :react-native-health-connect-expo:compileDebugJavaWithJavac
> Task :react-native-health-connect-expo:bundleLibCompileToJarDebug
> Task :react-native-community_datetimepicker:javaPreCompileDebug
> Task :react-native-gesture-handler:checkKotlinGradlePluginConfigurationErrors SKIPPED
> Task :react-native-gesture-handler:generateDebugBuildConfig
> Task :react-native-svg:generateDebugBuildConfig
> Task :react-native-svg:javaPreCompileDebug

> Task :react-native-community_datetimepicker:compileDebugKotlin
w: file:///Users/kyrie/Documents/Codex%20Questlife/QuestLife-v1/node_modules/@react-native-community/datetimepicker/android/src/main/java/com/reactcommunity/rndatetimepicker/MaterialDatePickerModule.kt:21:20 'val currentActivity: Activity?' is deprecated. Deprecated in 0.80.0. Use getReactApplicationContext.getCurrentActivity() instead.
w: file:///Users/kyrie/Documents/Codex%20Questlife/QuestLife-v1/node_modules/@react-native-community/datetimepicker/android/src/main/java/com/reactcommunity/rndatetimepicker/MaterialDatePickerModule.kt:21:20 This synthetic property is based on the getter function 'fun getCurrentActivity(): Activity?' from Kotlin. In the future, synthetic properties will be available only if the base getter function came from Java. Consider replacing this property access with a 'getCurrentActivity()' function call.
w: file:///Users/kyrie/Documents/Codex%20Questlife/QuestLife-v1/node_modules/@react-native-community/datetimepicker/android/src/main/java/com/reactcommunity/rndatetimepicker/MaterialDatePickerModule.kt:26:20 'val currentActivity: Activity?' is deprecated. Deprecated in 0.80.0. Use getReactApplicationContext.getCurrentActivity() instead.
w: file:///Users/kyrie/Documents/Codex%20Questlife/QuestLife-v1/node_modules/@react-native-community/datetimepicker/android/src/main/java/com/reactcommunity/rndatetimepicker/MaterialDatePickerModule.kt:26:20 This synthetic property is based on the getter function 'fun getCurrentActivity(): Activity?' from Kotlin. In the future, synthetic properties will be available only if the base getter function came from Java. Consider replacing this property access with a 'getCurrentActivity()' function call.
w: file:///Users/kyrie/Documents/Codex%20Questlife/QuestLife-v1/node_modules/@react-native-community/datetimepicker/android/src/main/java/com/reactcommunity/rndatetimepicker/MaterialTimePickerModule.kt:22:20 'val currentActivity: Activity?' is deprecated. Deprecated in 0.80.0. Use getReactApplicationContext.getCurrentActivity() instead.
w: file:///Users/kyrie/Documents/Codex%20Questlife/QuestLife-v1/node_modules/@react-native-community/datetimepicker/android/src/main/java/com/reactcommunity/rndatetimepicker/MaterialTimePickerModule.kt:22:20 This synthetic property is based on the getter function 'fun getCurrentActivity(): Activity?' from Kotlin. In the future, synthetic properties will be available only if the base getter function came from Java. Consider replacing this property access with a 'getCurrentActivity()' function call.
w: file:///Users/kyrie/Documents/Codex%20Questlife/QuestLife-v1/node_modules/@react-native-community/datetimepicker/android/src/main/java/com/reactcommunity/rndatetimepicker/MaterialTimePickerModule.kt:27:20 'val currentActivity: Activity?' is deprecated. Deprecated in 0.80.0. Use getReactApplicationContext.getCurrentActivity() instead.
w: file:///Users/kyrie/Documents/Codex%20Questlife/QuestLife-v1/node_modules/@react-native-community/datetimepicker/android/src/main/java/com/reactcommunity/rndatetimepicker/MaterialTimePickerModule.kt:27:20 This synthetic property is based on the getter function 'fun getCurrentActivity(): Activity?' from Kotlin. In the future, synthetic properties will be available only if the base getter function came from Java. Consider replacing this property access with a 'getCurrentActivity()' function call.

> Task :app:processDebugResources
> Task :react-native-gesture-handler:javaPreCompileDebug
> Task :react-native-safe-area-context:checkKotlinGradlePluginConfigurationErrors SKIPPED
> Task :react-native-safe-area-context:generateDebugBuildConfig

> Task :react-native-community_datetimepicker:compileDebugJavaWithJavac
Note: Some input files use or override a deprecated API.
Note: Recompile with -Xlint:deprecation for details.

> Task :react-native-community_datetimepicker:bundleLibCompileToJarDebug
> Task :react-native-safe-area-context:javaPreCompileDebug
> Task :react-native-screens:checkKotlinGradlePluginConfigurationErrors SKIPPED
> Task :react-native-screens:generateDebugBuildConfig

> Task :react-native-safe-area-context:compileDebugKotlin
w: file:///Users/kyrie/Documents/Codex%20Questlife/QuestLife-v1/node_modules/react-native-safe-area-context/android/src/main/java/com/th3rdwave/safeareacontext/SafeAreaView.kt:59:23 'val uiImplementation: UIImplementation!' is deprecated. Deprecated in Java.

> Task :react-native-svg:compileDebugJavaWithJavac
Note: Some input files use or override a deprecated API.
Note: Recompile with -Xlint:deprecation for details.
Note: Some input files use unchecked or unsafe operations.
Note: Recompile with -Xlint:unchecked for details.

> Task :react-native-safe-area-context:compileDebugJavaWithJavac
> Task :react-native-safe-area-context:bundleLibCompileToJarDebug
> Task :react-native-webview:checkKotlinGradlePluginConfigurationErrors SKIPPED
> Task :react-native-webview:generateDebugBuildConfig
> Task :react-native-svg:bundleLibCompileToJarDebug

> Task :expo-dev-menu:compileDebugKotlin
w: file:///Users/kyrie/Documents/Codex%20Questlife/QuestLife-v1/node_modules/expo-dev-menu/android/src/debug/java/expo/modules/devmenu/DevMenuManager.kt:406:43 The corresponding parameter in the supertype 'DevMenuManagerInterface' is named 'shouldAutoLaunch'. This may cause problems when calling this function with named arguments.
w: file:///Users/kyrie/Documents/Codex%20Questlife/QuestLife-v1/node_modules/expo-dev-menu/android/src/main/java/com/facebook/react/devsupport/DevMenuSettingsBase.kt:6:8 'class PreferenceManager : Any' is deprecated. Deprecated in Java.
w: file:///Users/kyrie/Documents/Codex%20Questlife/QuestLife-v1/node_modules/expo-dev-menu/android/src/main/java/com/facebook/react/devsupport/DevMenuSettingsBase.kt:18:51 'class PreferenceManager : Any' is deprecated. Deprecated in Java.
w: file:///Users/kyrie/Documents/Codex%20Questlife/QuestLife-v1/node_modules/expo-dev-menu/android/src/main/java/com/facebook/react/devsupport/DevMenuSettingsBase.kt:18:69 'static fun getDefaultSharedPreferences(p0: Context!): SharedPreferences!' is deprecated. Deprecated in Java.
w: file:///Users/kyrie/Documents/Codex%20Questlife/QuestLife-v1/node_modules/expo-dev-menu/android/src/main/java/com/facebook/react/devsupport/DevMenuSettingsBase.kt:51:13 This code uses error suppression for 'NOTHING_TO_OVERRIDE'. While it might compile and work, the compiler behavior is UNSPECIFIED and WILL NOT BE PRESERVED. Please report your use case to the Kotlin issue tracker instead: https://kotl.in/issue
w: file:///Users/kyrie/Documents/Codex%20Questlife/QuestLife-v1/node_modules/expo-dev-menu/android/src/main/java/com/facebook/react/devsupport/DevMenuSettingsBase.kt:58:13 This code uses error suppression for 'NOTHING_TO_OVERRIDE'. While it might compile and work, the compiler behavior is UNSPECIFIED and WILL NOT BE PRESERVED. Please report your use case to the Kotlin issue tracker instead: https://kotl.in/issue
w: file:///Users/kyrie/Documents/Codex%20Questlife/QuestLife-v1/node_modules/expo-dev-menu/android/src/main/java/expo/modules/devmenu/DevMenuPackage.kt:28:16 This declaration overrides a deprecated member but is not marked as deprecated itself. Add the '@Deprecated' annotation or suppress the diagnostic.
w: file:///Users/kyrie/Documents/Codex%20Questlife/QuestLife-v1/node_modules/expo-dev-menu/android/src/main/java/expo/modules/devmenu/DevMenuPackage.kt:47:78 'val reactNativeHost: ReactNativeHost' is deprecated. You should not use ReactNativeHost directly in the New Architecture. Use ReactHost instead.

> Task :react-native-webview:compileDebugKotlin
w: file:///Users/kyrie/Documents/Codex%20Questlife/QuestLife-v1/node_modules/react-native-webview/android/src/main/java/com/reactnativecommunity/webview/RNCWebViewManagerImpl.kt:22:8 'object MapBuilder : Any' is deprecated. Use Kotlin's built-in collections extensions.
w: file:///Users/kyrie/Documents/Codex%20Questlife/QuestLife-v1/node_modules/react-native-webview/android/src/main/java/com/reactnativecommunity/webview/RNCWebViewManagerImpl.kt:82:18 'var allowFileAccessFromFileURLs: Boolean' is deprecated. Deprecated in Java.
w: file:///Users/kyrie/Documents/Codex%20Questlife/QuestLife-v1/node_modules/react-native-webview/android/src/main/java/com/reactnativecommunity/webview/RNCWebViewManagerImpl.kt:83:18 'var allowUniversalAccessFromFileURLs: Boolean' is deprecated. Deprecated in Java.
w: file:///Users/kyrie/Documents/Codex%20Questlife/QuestLife-v1/node_modules/react-native-webview/android/src/main/java/com/reactnativecommunity/webview/RNCWebViewManagerImpl.kt:125:21 'fun allowScanningByMediaScanner(): Unit' is deprecated. Deprecated in Java.
w: file:///Users/kyrie/Documents/Codex%20Questlife/QuestLife-v1/node_modules/react-native-webview/android/src/main/java/com/reactnativecommunity/webview/RNCWebViewManagerImpl.kt:162:36 'var systemUiVisibility: Int' is deprecated. Deprecated in Java.
w: file:///Users/kyrie/Documents/Codex%20Questlife/QuestLife-v1/node_modules/react-native-webview/android/src/main/java/com/reactnativecommunity/webview/RNCWebViewManagerImpl.kt:301:14 'object MapBuilder : Any' is deprecated. Use Kotlin's built-in collections extensions.
w: file:///Users/kyrie/Documents/Codex%20Questlife/QuestLife-v1/node_modules/react-native-webview/android/src/main/java/com/reactnativecommunity/webview/RNCWebViewManagerImpl.kt:351:34 Condition is always 'true'.
w: file:///Users/kyrie/Documents/Codex%20Questlife/QuestLife-v1/node_modules/react-native-webview/android/src/main/java/com/reactnativecommunity/webview/RNCWebViewManagerImpl.kt:370:38 'var allowUniversalAccessFromFileURLs: Boolean' is deprecated. Deprecated in Java.
w: file:///Users/kyrie/Documents/Codex%20Questlife/QuestLife-v1/node_modules/react-native-webview/android/src/main/java/com/reactnativecommunity/webview/RNCWebViewManagerImpl.kt:431:51 Unchecked cast of 'Any?' to 'HashMap<String, String>'.
w: file:///Users/kyrie/Documents/Codex%20Questlife/QuestLife-v1/node_modules/react-native-webview/android/src/main/java/com/reactnativecommunity/webview/RNCWebViewManagerImpl.kt:487:23 'var savePassword: Boolean' is deprecated. Deprecated in Java.
w: file:///Users/kyrie/Documents/Codex%20Questlife/QuestLife-v1/node_modules/react-native-webview/android/src/main/java/com/reactnativecommunity/webview/RNCWebViewManagerImpl.kt:488:23 'var saveFormData: Boolean' is deprecated. Deprecated in Java.
w: file:///Users/kyrie/Documents/Codex%20Questlife/QuestLife-v1/node_modules/react-native-webview/android/src/main/java/com/reactnativecommunity/webview/RNCWebViewManagerImpl.kt:558:23 'var allowFileAccessFromFileURLs: Boolean' is deprecated. Deprecated in Java.
w: file:///Users/kyrie/Documents/Codex%20Questlife/QuestLife-v1/node_modules/react-native-webview/android/src/main/java/com/reactnativecommunity/webview/RNCWebViewManagerImpl.kt:603:52 'static field FORCE_DARK_ON: Int' is deprecated. Deprecated in Java.
w: file:///Users/kyrie/Documents/Codex%20Questlife/QuestLife-v1/node_modules/react-native-webview/android/src/main/java/com/reactnativecommunity/webview/RNCWebViewManagerImpl.kt:603:89 'static field FORCE_DARK_OFF: Int' is deprecated. Deprecated in Java.
w: file:///Users/kyrie/Documents/Codex%20Questlife/QuestLife-v1/node_modules/react-native-webview/android/src/main/java/com/reactnativecommunity/webview/RNCWebViewManagerImpl.kt:604:35 'static fun setForceDark(p0: @NonNull() WebSettings, p1: Int): Unit' is deprecated. Deprecated in Java.
w: file:///Users/kyrie/Documents/Codex%20Questlife/QuestLife-v1/node_modules/react-native-webview/android/src/main/java/com/reactnativecommunity/webview/RNCWebViewManagerImpl.kt:613:35 'static fun setForceDarkStrategy(p0: @NonNull() WebSettings, p1: Int): Unit' is deprecated. Deprecated in Java.
w: file:///Users/kyrie/Documents/Codex%20Questlife/QuestLife-v1/node_modules/react-native-webview/android/src/main/java/com/reactnativecommunity/webview/RNCWebViewManagerImpl.kt:615:39 'static field DARK_STRATEGY_PREFER_WEB_THEME_OVER_USER_AGENT_DARKENING: Int' is deprecated. Deprecated in Java.
w: file:///Users/kyrie/Documents/Codex%20Questlife/QuestLife-v1/node_modules/react-native-webview/android/src/main/java/com/reactnativecommunity/webview/RNCWebViewManagerImpl.kt:659:65 Unchecked cast of 'ArrayList<Any?>' to 'List<Map<String, String>>'.
w: file:///Users/kyrie/Documents/Codex%20Questlife/QuestLife-v1/node_modules/react-native-webview/android/src/main/java/com/reactnativecommunity/webview/RNCWebViewManagerImpl.kt:680:23 'var saveFormData: Boolean' is deprecated. Deprecated in Java.
w: file:///Users/kyrie/Documents/Codex%20Questlife/QuestLife-v1/node_modules/react-native-webview/android/src/main/java/com/reactnativecommunity/webview/events/TopCustomMenuSelectionEvent.kt:5:8 'interface RCTEventEmitter : JavaScriptModule' is deprecated. Use [RCTModernEventEmitter] instead.
w: file:///Users/kyrie/Documents/Codex%20Questlife/QuestLife-v1/node_modules/react-native-webview/android/src/main/java/com/reactnativecommunity/webview/events/TopCustomMenuSelectionEvent.kt:11:3 'constructor<T : Event<T>>(viewTag: Int): Event<T>' is deprecated. Use constructor with explicit surfaceId instead.
w: file:///Users/kyrie/Documents/Codex%20Questlife/QuestLife-v1/node_modules/react-native-webview/android/src/main/java/com/reactnativecommunity/webview/events/TopCustomMenuSelectionEvent.kt:22:16 This declaration overrides a deprecated member but is not marked as deprecated itself. Add the '@Deprecated' annotation or suppress the diagnostic.
w: file:///Users/kyrie/Documents/Codex%20Questlife/QuestLife-v1/node_modules/react-native-webview/android/src/main/java/com/reactnativecommunity/webview/events/TopCustomMenuSelectionEvent.kt:22:42 'interface RCTEventEmitter : JavaScriptModule' is deprecated. Use [RCTModernEventEmitter] instead.
w: file:///Users/kyrie/Documents/Codex%20Questlife/QuestLife-v1/node_modules/react-native-webview/android/src/main/java/com/reactnativecommunity/webview/events/TopCustomMenuSelectionEvent.kt:23:21 'fun receiveEvent(targetTag: Int, eventName: String, params: WritableMap?): Unit' is deprecated. Use [RCTModernEventEmitter.receiveEvent] instead.
w: file:///Users/kyrie/Documents/Codex%20Questlife/QuestLife-v1/node_modules/react-native-webview/android/src/main/java/com/reactnativecommunity/webview/events/TopHttpErrorEvent.kt:5:8 'interface RCTEventEmitter : JavaScriptModule' is deprecated. Use [RCTModernEventEmitter] instead.
w: file:///Users/kyrie/Documents/Codex%20Questlife/QuestLife-v1/node_modules/react-native-webview/android/src/main/java/com/reactnativecommunity/webview/events/TopHttpErrorEvent.kt:11:3 'constructor<T : Event<T>>(viewTag: Int): Event<T>' is deprecated. Use constructor with explicit surfaceId instead.
w: file:///Users/kyrie/Documents/Codex%20Questlife/QuestLife-v1/node_modules/react-native-webview/android/src/main/java/com/reactnativecommunity/webview/events/TopHttpErrorEvent.kt:22:16 This declaration overrides a deprecated member but is not marked as deprecated itself. Add the '@Deprecated' annotation or suppress the diagnostic.
w: file:///Users/kyrie/Documents/Codex%20Questlife/QuestLife-v1/node_modules/react-native-webview/android/src/main/java/com/reactnativecommunity/webview/events/TopHttpErrorEvent.kt:22:42 'interface RCTEventEmitter : JavaScriptModule' is deprecated. Use [RCTModernEventEmitter] instead.
w: file:///Users/kyrie/Documents/Codex%20Questlife/QuestLife-v1/node_modules/react-native-webview/android/src/main/java/com/reactnativecommunity/webview/events/TopHttpErrorEvent.kt:23:21 'fun receiveEvent(targetTag: Int, eventName: String, params: WritableMap?): Unit' is deprecated. Use [RCTModernEventEmitter.receiveEvent] instead.
w: file:///Users/kyrie/Documents/Codex%20Questlife/QuestLife-v1/node_modules/react-native-webview/android/src/main/java/com/reactnativecommunity/webview/events/TopLoadingErrorEvent.kt:5:8 'interface RCTEventEmitter : JavaScriptModule' is deprecated. Use [RCTModernEventEmitter] instead.
w: file:///Users/kyrie/Documents/Codex%20Questlife/QuestLife-v1/node_modules/react-native-webview/android/src/main/java/com/reactnativecommunity/webview/events/TopLoadingErrorEvent.kt:11:3 'constructor<T : Event<T>>(viewTag: Int): Event<T>' is deprecated. Use constructor with explicit surfaceId instead.
w: file:///Users/kyrie/Documents/Codex%20Questlife/QuestLife-v1/node_modules/react-native-webview/android/src/main/java/com/reactnativecommunity/webview/events/TopLoadingErrorEvent.kt:22:16 This declaration overrides a deprecated member but is not marked as deprecated itself. Add the '@Deprecated' annotation or suppress the diagnostic.
w: file:///Users/kyrie/Documents/Codex%20Questlife/QuestLife-v1/node_modules/react-native-webview/android/src/main/java/com/reactnativecommunity/webview/events/TopLoadingErrorEvent.kt:22:42 'interface RCTEventEmitter : JavaScriptModule' is deprecated. Use [RCTModernEventEmitter] instead.
w: file:///Users/kyrie/Documents/Codex%20Questlife/QuestLife-v1/node_modules/react-native-webview/android/src/main/java/com/reactnativecommunity/webview/events/TopLoadingErrorEvent.kt:23:21 'fun receiveEvent(targetTag: Int, eventName: String, params: WritableMap?): Unit' is deprecated. Use [RCTModernEventEmitter.receiveEvent] instead.
w: file:///Users/kyrie/Documents/Codex%20Questlife/QuestLife-v1/node_modules/react-native-webview/android/src/main/java/com/reactnativecommunity/webview/events/TopLoadingFinishEvent.kt:5:8 'interface RCTEventEmitter : JavaScriptModule' is deprecated. Use [RCTModernEventEmitter] instead.
w: file:///Users/kyrie/Documents/Codex%20Questlife/QuestLife-v1/node_modules/react-native-webview/android/src/main/java/com/reactnativecommunity/webview/events/TopLoadingFinishEvent.kt:11:3 'constructor<T : Event<T>>(viewTag: Int): Event<T>' is deprecated. Use constructor with explicit surfaceId instead.
w: file:///Users/kyrie/Documents/Codex%20Questlife/QuestLife-v1/node_modules/react-native-webview/android/src/main/java/com/reactnativecommunity/webview/events/TopLoadingFinishEvent.kt:22:16 This declaration overrides a deprecated member but is not marked as deprecated itself. Add the '@Deprecated' annotation or suppress the diagnostic.
w: file:///Users/kyrie/Documents/Codex%20Questlife/QuestLife-v1/node_modules/react-native-webview/android/src/main/java/com/reactnativecommunity/webview/events/TopLoadingFinishEvent.kt:22:42 'interface RCTEventEmitter : JavaScriptModule' is deprecated. Use [RCTModernEventEmitter] instead.
w: file:///Users/kyrie/Documents/Codex%20Questlife/QuestLife-v1/node_modules/react-native-webview/android/src/main/java/com/reactnativecommunity/webview/events/TopLoadingFinishEvent.kt:23:21 'fun receiveEvent(targetTag: Int, eventName: String, params: WritableMap?): Unit' is deprecated. Use [RCTModernEventEmitter.receiveEvent] instead.
w: file:///Users/kyrie/Documents/Codex%20Questlife/QuestLife-v1/node_modules/react-native-webview/android/src/main/java/com/reactnativecommunity/webview/events/TopLoadingProgressEvent.kt:5:8 'interface RCTEventEmitter : JavaScriptModule' is deprecated. Use [RCTModernEventEmitter] instead.
w: file:///Users/kyrie/Documents/Codex%20Questlife/QuestLife-v1/node_modules/react-native-webview/android/src/main/java/com/reactnativecommunity/webview/events/TopLoadingProgressEvent.kt:11:3 'constructor<T : Event<T>>(viewTag: Int): Event<T>' is deprecated. Use constructor with explicit surfaceId instead.
w: file:///Users/kyrie/Documents/Codex%20Questlife/QuestLife-v1/node_modules/react-native-webview/android/src/main/java/com/reactnativecommunity/webview/events/TopLoadingProgressEvent.kt:22:16 This declaration overrides a deprecated member but is not marked as deprecated itself. Add the '@Deprecated' annotation or suppress the diagnostic.
w: file:///Users/kyrie/Documents/Codex%20Questlife/QuestLife-v1/node_modules/react-native-webview/android/src/main/java/com/reactnativecommunity/webview/events/TopLoadingProgressEvent.kt:22:42 'interface RCTEventEmitter : JavaScriptModule' is deprecated. Use [RCTModernEventEmitter] instead.
w: file:///Users/kyrie/Documents/Codex%20Questlife/QuestLife-v1/node_modules/react-native-webview/android/src/main/java/com/reactnativecommunity/webview/events/TopLoadingProgressEvent.kt:23:21 'fun receiveEvent(targetTag: Int, eventName: String, params: WritableMap?): Unit' is deprecated. Use [RCTModernEventEmitter.receiveEvent] instead.
w: file:///Users/kyrie/Documents/Codex%20Questlife/QuestLife-v1/node_modules/react-native-webview/android/src/main/java/com/reactnativecommunity/webview/events/TopLoadingStartEvent.kt:5:8 'interface RCTEventEmitter : JavaScriptModule' is deprecated. Use [RCTModernEventEmitter] instead.
w: file:///Users/kyrie/Documents/Codex%20Questlife/QuestLife-v1/node_modules/react-native-webview/android/src/main/java/com/reactnativecommunity/webview/events/TopLoadingStartEvent.kt:11:3 'constructor<T : Event<T>>(viewTag: Int): Event<T>' is deprecated. Use constructor with explicit surfaceId instead.
w: file:///Users/kyrie/Documents/Codex%20Questlife/QuestLife-v1/node_modules/react-native-webview/android/src/main/java/com/reactnativecommunity/webview/events/TopLoadingStartEvent.kt:22:16 This declaration overrides a deprecated member but is not marked as deprecated itself. Add the '@Deprecated' annotation or suppress the diagnostic.
w: file:///Users/kyrie/Documents/Codex%20Questlife/QuestLife-v1/node_modules/react-native-webview/android/src/main/java/com/reactnativecommunity/webview/events/TopLoadingStartEvent.kt:22:42 'interface RCTEventEmitter : JavaScriptModule' is deprecated. Use [RCTModernEventEmitter] instead.
w: file:///Users/kyrie/Documents/Codex%20Questlife/QuestLife-v1/node_modules/react-native-webview/android/src/main/java/com/reactnativecommunity/webview/events/TopLoadingStartEvent.kt:23:21 'fun receiveEvent(targetTag: Int, eventName: String, params: WritableMap?): Unit' is deprecated. Use [RCTModernEventEmitter.receiveEvent] instead.
w: file:///Users/kyrie/Documents/Codex%20Questlife/QuestLife-v1/node_modules/react-native-webview/android/src/main/java/com/reactnativecommunity/webview/events/TopMessageEvent.kt:5:8 'interface RCTEventEmitter : JavaScriptModule' is deprecated. Use [RCTModernEventEmitter] instead.
w: file:///Users/kyrie/Documents/Codex%20Questlife/QuestLife-v1/node_modules/react-native-webview/android/src/main/java/com/reactnativecommunity/webview/events/TopMessageEvent.kt:10:75 'constructor<T : Event<T>>(viewTag: Int): Event<T>' is deprecated. Use constructor with explicit surfaceId instead.
w: file:///Users/kyrie/Documents/Codex%20Questlife/QuestLife-v1/node_modules/react-native-webview/android/src/main/java/com/reactnativecommunity/webview/events/TopMessageEvent.kt:21:16 This declaration overrides a deprecated member but is not marked as deprecated itself. Add the '@Deprecated' annotation or suppress the diagnostic.
w: file:///Users/kyrie/Documents/Codex%20Questlife/QuestLife-v1/node_modules/react-native-webview/android/src/main/java/com/reactnativecommunity/webview/events/TopMessageEvent.kt:21:42 'interface RCTEventEmitter : JavaScriptModule' is deprecated. Use [RCTModernEventEmitter] instead.
w: file:///Users/kyrie/Documents/Codex%20Questlife/QuestLife-v1/node_modules/react-native-webview/android/src/main/java/com/reactnativecommunity/webview/events/TopMessageEvent.kt:22:21 'fun receiveEvent(targetTag: Int, eventName: String, params: WritableMap?): Unit' is deprecated. Use [RCTModernEventEmitter.receiveEvent] instead.
w: file:///Users/kyrie/Documents/Codex%20Questlife/QuestLife-v1/node_modules/react-native-webview/android/src/main/java/com/reactnativecommunity/webview/events/TopNewWindowEvent.kt:5:8 'interface RCTEventEmitter : JavaScriptModule' is deprecated. Use [RCTModernEventEmitter] instead.
w: file:///Users/kyrie/Documents/Codex%20Questlife/QuestLife-v1/node_modules/react-native-webview/android/src/main/java/com/reactnativecommunity/webview/events/TopNewWindowEvent.kt:11:3 'constructor<T : Event<T>>(viewTag: Int): Event<T>' is deprecated. Use constructor with explicit surfaceId instead.
w: file:///Users/kyrie/Documents/Codex%20Questlife/QuestLife-v1/node_modules/react-native-webview/android/src/main/java/com/reactnativecommunity/webview/events/TopNewWindowEvent.kt:22:16 This declaration overrides a deprecated member but is not marked as deprecated itself. Add the '@Deprecated' annotation or suppress the diagnostic.
w: file:///Users/kyrie/Documents/Codex%20Questlife/QuestLife-v1/node_modules/react-native-webview/android/src/main/java/com/reactnativecommunity/webview/events/TopNewWindowEvent.kt:22:42 'interface RCTEventEmitter : JavaScriptModule' is deprecated. Use [RCTModernEventEmitter] instead.
w: file:///Users/kyrie/Documents/Codex%20Questlife/QuestLife-v1/node_modules/react-native-webview/android/src/main/java/com/reactnativecommunity/webview/events/TopNewWindowEvent.kt:23:21 'fun receiveEvent(targetTag: Int, eventName: String, params: WritableMap?): Unit' is deprecated. Use [RCTModernEventEmitter.receiveEvent] instead.
w: file:///Users/kyrie/Documents/Codex%20Questlife/QuestLife-v1/node_modules/react-native-webview/android/src/main/java/com/reactnativecommunity/webview/events/TopRenderProcessGoneEvent.kt:5:8 'interface RCTEventEmitter : JavaScriptModule' is deprecated. Use [RCTModernEventEmitter] instead.
w: file:///Users/kyrie/Documents/Codex%20Questlife/QuestLife-v1/node_modules/react-native-webview/android/src/main/java/com/reactnativecommunity/webview/events/TopRenderProcessGoneEvent.kt:12:3 'constructor<T : Event<T>>(viewTag: Int): Event<T>' is deprecated. Use constructor with explicit surfaceId instead.
w: file:///Users/kyrie/Documents/Codex%20Questlife/QuestLife-v1/node_modules/react-native-webview/android/src/main/java/com/reactnativecommunity/webview/events/TopRenderProcessGoneEvent.kt:23:16 This declaration overrides a deprecated member but is not marked as deprecated itself. Add the '@Deprecated' annotation or suppress the diagnostic.
w: file:///Users/kyrie/Documents/Codex%20Questlife/QuestLife-v1/node_modules/react-native-webview/android/src/main/java/com/reactnativecommunity/webview/events/TopRenderProcessGoneEvent.kt:23:42 'interface RCTEventEmitter : JavaScriptModule' is deprecated. Use [RCTModernEventEmitter] instead.
w: file:///Users/kyrie/Documents/Codex%20Questlife/QuestLife-v1/node_modules/react-native-webview/android/src/main/java/com/reactnativecommunity/webview/events/TopRenderProcessGoneEvent.kt:24:21 'fun receiveEvent(targetTag: Int, eventName: String, params: WritableMap?): Unit' is deprecated. Use [RCTModernEventEmitter.receiveEvent] instead.
w: file:///Users/kyrie/Documents/Codex%20Questlife/QuestLife-v1/node_modules/react-native-webview/android/src/main/java/com/reactnativecommunity/webview/events/TopShouldStartLoadWithRequestEvent.kt:5:8 'interface RCTEventEmitter : JavaScriptModule' is deprecated. Use [RCTModernEventEmitter] instead.
w: file:///Users/kyrie/Documents/Codex%20Questlife/QuestLife-v1/node_modules/react-native-webview/android/src/main/java/com/reactnativecommunity/webview/events/TopShouldStartLoadWithRequestEvent.kt:10:89 'constructor<T : Event<T>>(viewTag: Int): Event<T>' is deprecated. Use constructor with explicit surfaceId instead.
w: file:///Users/kyrie/Documents/Codex%20Questlife/QuestLife-v1/node_modules/react-native-webview/android/src/main/java/com/reactnativecommunity/webview/events/TopShouldStartLoadWithRequestEvent.kt:27:16 This declaration overrides a deprecated member but is not marked as deprecated itself. Add the '@Deprecated' annotation or suppress the diagnostic.
w: file:///Users/kyrie/Documents/Codex%20Questlife/QuestLife-v1/node_modules/react-native-webview/android/src/main/java/com/reactnativecommunity/webview/events/TopShouldStartLoadWithRequestEvent.kt:27:42 'interface RCTEventEmitter : JavaScriptModule' is deprecated. Use [RCTModernEventEmitter] instead.
w: file:///Users/kyrie/Documents/Codex%20Questlife/QuestLife-v1/node_modules/react-native-webview/android/src/main/java/com/reactnativecommunity/webview/events/TopShouldStartLoadWithRequestEvent.kt:28:21 'fun receiveEvent(targetTag: Int, eventName: String, params: WritableMap?): Unit' is deprecated. Use [RCTModernEventEmitter.receiveEvent] instead.

> Task :react-native-webview:javaPreCompileDebug
> Task :expo-dev-menu:compileDebugJavaWithJavac
> Task :expo-dev-menu:bundleLibCompileToJarDebug

> Task :react-native-gesture-handler:compileDebugKotlin
w: file:///Users/kyrie/Documents/Codex%20Questlife/QuestLife-v1/node_modules/react-native-gesture-handler/android/src/main/java/com/swmansion/gesturehandler/react/RNGestureHandlerRootView.kt:41:43 The corresponding parameter in the supertype 'ReactViewGroup' is named 'ev'. This may cause problems when calling this function with named arguments.

> Task :react-native-gesture-handler:compileDebugJavaWithJavac

> Task :react-native-webview:compileDebugJavaWithJavac
Note: Some input files use or override a deprecated API.
Note: Recompile with -Xlint:deprecation for details.

> Task :react-native-gesture-handler:bundleLibCompileToJarDebug
> Task :react-native-screens:javaPreCompileDebug
> Task :react-native-webview:bundleLibCompileToJarDebug
> Task :app:mergeDebugShaders
> Task :app:compileDebugShaders NO-SOURCE
> Task :app:generateDebugAssets UP-TO-DATE
> Task :app:javaPreCompileDebug
> Task :expo:mergeDebugShaders
> Task :expo:compileDebugShaders NO-SOURCE
> Task :expo:generateDebugAssets UP-TO-DATE
> Task :expo:mergeDebugAssets
> Task :expo-dev-client:mergeDebugShaders
> Task :expo-dev-client:compileDebugShaders NO-SOURCE
> Task :expo-dev-client:generateDebugAssets UP-TO-DATE
> Task :expo-constants:mergeDebugShaders
> Task :expo-constants:compileDebugShaders NO-SOURCE
> Task :expo-constants:generateDebugAssets UP-TO-DATE
> Task :expo-dev-client:mergeDebugAssets
> Task :expo-dev-menu:mergeDebugShaders
> Task :expo-dev-menu:compileDebugShaders NO-SOURCE
> Task :expo-dev-menu:generateDebugAssets UP-TO-DATE
> Task :expo-constants:mergeDebugAssets
> Task :expo-dev-menu-interface:mergeDebugShaders
> Task :expo-dev-menu-interface:compileDebugShaders NO-SOURCE
> Task :expo-dev-menu-interface:generateDebugAssets UP-TO-DATE
> Task :expo-dev-menu-interface:mergeDebugAssets
> Task :expo-dev-menu:mergeDebugAssets
> Task :expo-json-utils:mergeDebugShaders
> Task :expo-json-utils:compileDebugShaders NO-SOURCE
> Task :expo-json-utils:generateDebugAssets UP-TO-DATE
> Task :expo-manifests:mergeDebugShaders
> Task :expo-manifests:compileDebugShaders NO-SOURCE
> Task :expo-manifests:generateDebugAssets UP-TO-DATE
> Task :expo-json-utils:mergeDebugAssets
> Task :expo-modules-core:mergeDebugShaders
> Task :expo-modules-core:compileDebugShaders NO-SOURCE
> Task :expo-modules-core:generateDebugAssets UP-TO-DATE
> Task :expo-modules-core:mergeDebugAssets
> Task :expo-manifests:mergeDebugAssets
> Task :react-native-async-storage_async-storage:mergeDebugShaders
> Task :react-native-async-storage_async-storage:compileDebugShaders NO-SOURCE
> Task :react-native-async-storage_async-storage:generateDebugAssets UP-TO-DATE
> Task :expo-updates-interface:mergeDebugShaders
> Task :expo-updates-interface:compileDebugShaders NO-SOURCE
> Task :expo-updates-interface:generateDebugAssets UP-TO-DATE
> Task :react-native-async-storage_async-storage:mergeDebugAssets
> Task :react-native-community_datetimepicker:mergeDebugShaders
> Task :react-native-community_datetimepicker:compileDebugShaders NO-SOURCE
> Task :react-native-community_datetimepicker:generateDebugAssets UP-TO-DATE
> Task :expo-updates-interface:mergeDebugAssets
> Task :react-native-community_datetimepicker:mergeDebugAssets
> Task :react-native-gesture-handler:mergeDebugShaders
> Task :react-native-gesture-handler:compileDebugShaders NO-SOURCE
> Task :react-native-gesture-handler:generateDebugAssets UP-TO-DATE
> Task :react-native-gesture-handler:mergeDebugAssets
> Task :react-native-health-connect:mergeDebugShaders
> Task :react-native-health-connect:compileDebugShaders NO-SOURCE
> Task :react-native-health-connect:generateDebugAssets UP-TO-DATE
> Task :react-native-health-connect-expo:mergeDebugShaders
> Task :react-native-health-connect-expo:compileDebugShaders NO-SOURCE
> Task :react-native-health-connect-expo:generateDebugAssets UP-TO-DATE
> Task :react-native-health-connect:mergeDebugAssets
> Task :react-native-health-connect-expo:mergeDebugAssets
> Task :react-native-safe-area-context:mergeDebugShaders
> Task :react-native-safe-area-context:compileDebugShaders NO-SOURCE
> Task :react-native-safe-area-context:generateDebugAssets UP-TO-DATE
> Task :react-native-screens:mergeDebugShaders
> Task :react-native-screens:compileDebugShaders NO-SOURCE
> Task :react-native-screens:generateDebugAssets UP-TO-DATE
> Task :react-native-screens:mergeDebugAssets
> Task :react-native-svg:mergeDebugShaders
> Task :react-native-svg:compileDebugShaders NO-SOURCE
> Task :react-native-svg:generateDebugAssets UP-TO-DATE
> Task :react-native-safe-area-context:mergeDebugAssets
> Task :react-native-webview:mergeDebugShaders
> Task :react-native-webview:compileDebugShaders NO-SOURCE
> Task :react-native-webview:generateDebugAssets UP-TO-DATE
> Task :react-native-svg:mergeDebugAssets
> Task :react-native-community_datetimepicker:bundleLibRuntimeToJarDebug
> Task :react-native-webview:mergeDebugAssets
> Task :react-native-gesture-handler:bundleLibRuntimeToJarDebug
> Task :react-native-svg:bundleLibRuntimeToJarDebug

> Task :react-native-screens:compileDebugKotlin
w: file:///Users/kyrie/Documents/Codex%20Questlife/QuestLife-v1/node_modules/react-native-screens/android/src/main/java/com/swmansion/rnscreens/RNScreensPackage.kt:56:9 The corresponding parameter in the supertype 'BaseReactPackage' is named 'name'. This may cause problems when calling this function with named arguments.
w: file:///Users/kyrie/Documents/Codex%20Questlife/QuestLife-v1/node_modules/react-native-screens/android/src/main/java/com/swmansion/rnscreens/RNScreensPackage.kt:57:9 The corresponding parameter in the supertype 'BaseReactPackage' is named 'reactContext'. This may cause problems when calling this function with named arguments.
w: file:///Users/kyrie/Documents/Codex%20Questlife/QuestLife-v1/node_modules/react-native-screens/android/src/main/java/com/swmansion/rnscreens/RNScreensPackage.kt:70:17 'constructor(name: String, className: String, canOverrideExistingModule: Boolean, needsEagerInit: Boolean, hasConstants: Boolean, isCxxModule: Boolean, isTurboModule: Boolean): ReactModuleInfo' is deprecated. This constructor is deprecated and will be removed in the future. Use ReactModuleInfo(String, String, boolean, boolean, boolean, boolean)].
w: file:///Users/kyrie/Documents/Codex%20Questlife/QuestLife-v1/node_modules/react-native-screens/android/src/main/java/com/swmansion/rnscreens/Screen.kt:48:77 Unchecked cast of '(CoordinatorLayout.Behavior<View!>?..CoordinatorLayout.Behavior<*>?)' to 'BottomSheetBehavior<Screen>'.
w: file:///Users/kyrie/Documents/Codex%20Questlife/QuestLife-v1/node_modules/react-native-screens/android/src/main/java/com/swmansion/rnscreens/Screen.kt:383:36 'fun setTranslucent(screen: Screen, activity: Activity?, context: ReactContext?): Unit' is deprecated. For apps targeting SDK 35 or above this prop has no effect because edge-to-edge is enabled by default and the status bar is always translucent.
w: file:///Users/kyrie/Documents/Codex%20Questlife/QuestLife-v1/node_modules/react-native-screens/android/src/main/java/com/swmansion/rnscreens/Screen.kt:402:36 'fun setColor(screen: Screen, activity: Activity?, context: ReactContext?): Unit' is deprecated. For apps targeting SDK 35 or above this prop has no effect because edge-to-edge is enabled by default and the status bar is always translucent.
w: file:///Users/kyrie/Documents/Codex%20Questlife/QuestLife-v1/node_modules/react-native-screens/android/src/main/java/com/swmansion/rnscreens/Screen.kt:420:36 'fun setNavigationBarColor(screen: Screen, activity: Activity?): Unit' is deprecated. For all apps targeting Android SDK 35 or above edge-to-edge is enabled by default.
w: file:///Users/kyrie/Documents/Codex%20Questlife/QuestLife-v1/node_modules/react-native-screens/android/src/main/java/com/swmansion/rnscreens/Screen.kt:437:36 'fun setNavigationBarTranslucent(screen: Screen, activity: Activity?): Unit' is deprecated. For all apps targeting Android SDK 35 or above edge-to-edge is enabled by default.
w: file:///Users/kyrie/Documents/Codex%20Questlife/QuestLife-v1/node_modules/react-native-screens/android/src/main/java/com/swmansion/rnscreens/ScreenStackFragment.kt:217:31 'var targetElevation: Float' is deprecated. Deprecated in Java.
w: file:///Users/kyrie/Documents/Codex%20Questlife/QuestLife-v1/node_modules/react-native-screens/android/src/main/java/com/swmansion/rnscreens/ScreenStackFragment.kt:220:13 'fun setHasOptionsMenu(p0: Boolean): Unit' is deprecated. Deprecated in Java.
w: file:///Users/kyrie/Documents/Codex%20Questlife/QuestLife-v1/node_modules/react-native-screens/android/src/main/java/com/swmansion/rnscreens/ScreenStackFragment.kt:397:18 This declaration overrides a deprecated member but is not marked as deprecated itself. Add the '@Deprecated' annotation or suppress the diagnostic.
w: file:///Users/kyrie/Documents/Codex%20Questlife/QuestLife-v1/node_modules/react-native-screens/android/src/main/java/com/swmansion/rnscreens/ScreenStackFragment.kt:404:22 'fun onPrepareOptionsMenu(p0: Menu): Unit' is deprecated. Deprecated in Java.
w: file:///Users/kyrie/Documents/Codex%20Questlife/QuestLife-v1/node_modules/react-native-screens/android/src/main/java/com/swmansion/rnscreens/ScreenStackFragment.kt:407:18 This declaration overrides a deprecated member but is not marked as deprecated itself. Add the '@Deprecated' annotation or suppress the diagnostic.
w: file:///Users/kyrie/Documents/Codex%20Questlife/QuestLife-v1/node_modules/react-native-screens/android/src/main/java/com/swmansion/rnscreens/ScreenStackFragment.kt:412:22 'fun onCreateOptionsMenu(p0: Menu, p1: MenuInflater): Unit' is deprecated. Deprecated in Java.
w: file:///Users/kyrie/Documents/Codex%20Questlife/QuestLife-v1/node_modules/react-native-screens/android/src/main/java/com/swmansion/rnscreens/ScreenStackHeaderConfig.kt:435:18 'val reactNativeHost: ReactNativeHost' is deprecated. You should not use ReactNativeHost directly in the New Architecture. Use ReactHost instead.
w: file:///Users/kyrie/Documents/Codex%20Questlife/QuestLife-v1/node_modules/react-native-screens/android/src/main/java/com/swmansion/rnscreens/ScreenViewManager.kt:203:14 'var statusBarColor: Int?' is deprecated. For apps targeting SDK 35 or above this prop has no effect because edge-to-edge is enabled by default and the status bar is always translucent.
w: file:///Users/kyrie/Documents/Codex%20Questlife/QuestLife-v1/node_modules/react-native-screens/android/src/main/java/com/swmansion/rnscreens/ScreenViewManager.kt:220:14 'var isStatusBarTranslucent: Boolean?' is deprecated. For apps targeting SDK 35 or above this prop has no effect because edge-to-edge is enabled by default and the status bar is always translucent.
w: file:///Users/kyrie/Documents/Codex%20Questlife/QuestLife-v1/node_modules/react-native-screens/android/src/main/java/com/swmansion/rnscreens/ScreenViewManager.kt:237:14 'var navigationBarColor: Int?' is deprecated. For all apps targeting Android SDK 35 or above edge-to-edge is enabled by default.
w: file:///Users/kyrie/Documents/Codex%20Questlife/QuestLife-v1/node_modules/react-native-screens/android/src/main/java/com/swmansion/rnscreens/ScreenViewManager.kt:246:14 'var isNavigationBarTranslucent: Boolean?' is deprecated. For all apps targeting Android SDK 35 or above edge-to-edge is enabled by default.
w: file:///Users/kyrie/Documents/Codex%20Questlife/QuestLife-v1/node_modules/react-native-screens/android/src/main/java/com/swmansion/rnscreens/ScreenWindowTraits.kt:55:42 'fun replaceSystemWindowInsets(p0: Int, p1: Int, p2: Int, p3: Int): WindowInsetsCompat' is deprecated. Deprecated in Java.
w: file:///Users/kyrie/Documents/Codex%20Questlife/QuestLife-v1/node_modules/react-native-screens/android/src/main/java/com/swmansion/rnscreens/ScreenWindowTraits.kt:56:39 'val systemWindowInsetLeft: Int' is deprecated. Deprecated in Java.
w: file:///Users/kyrie/Documents/Codex%20Questlife/QuestLife-v1/node_modules/react-native-screens/android/src/main/java/com/swmansion/rnscreens/ScreenWindowTraits.kt:58:39 'val systemWindowInsetRight: Int' is deprecated. Deprecated in Java.
w: file:///Users/kyrie/Documents/Codex%20Questlife/QuestLife-v1/node_modules/react-native-screens/android/src/main/java/com/swmansion/rnscreens/ScreenWindowTraits.kt:59:39 'val systemWindowInsetBottom: Int' is deprecated. Deprecated in Java.
w: file:///Users/kyrie/Documents/Codex%20Questlife/QuestLife-v1/node_modules/react-native-screens/android/src/main/java/com/swmansion/rnscreens/ScreenWindowTraits.kt:102:53 'var statusBarColor: Int' is deprecated. Deprecated in Java.
w: file:///Users/kyrie/Documents/Codex%20Questlife/QuestLife-v1/node_modules/react-native-screens/android/src/main/java/com/swmansion/rnscreens/ScreenWindowTraits.kt:106:37 'var statusBarColor: Int?' is deprecated. For apps targeting SDK 35 or above this prop has no effect because edge-to-edge is enabled by default and the status bar is always translucent.
w: file:///Users/kyrie/Documents/Codex%20Questlife/QuestLife-v1/node_modules/react-native-screens/android/src/main/java/com/swmansion/rnscreens/ScreenWindowTraits.kt:113:48 'var statusBarColor: Int' is deprecated. Deprecated in Java.
w: file:///Users/kyrie/Documents/Codex%20Questlife/QuestLife-v1/node_modules/react-native-screens/android/src/main/java/com/swmansion/rnscreens/ScreenWindowTraits.kt:116:32 'var statusBarColor: Int' is deprecated. Deprecated in Java.
w: file:///Users/kyrie/Documents/Codex%20Questlife/QuestLife-v1/node_modules/react-native-screens/android/src/main/java/com/swmansion/rnscreens/ScreenWindowTraits.kt:162:49 'var isStatusBarTranslucent: Boolean?' is deprecated. For apps targeting SDK 35 or above this prop has no effect because edge-to-edge is enabled by default and the status bar is always translucent.
w: file:///Users/kyrie/Documents/Codex%20Questlife/QuestLife-v1/node_modules/react-native-screens/android/src/main/java/com/swmansion/rnscreens/ScreenWindowTraits.kt:218:43 'var navigationBarColor: Int?' is deprecated. For all apps targeting Android SDK 35 or above edge-to-edge is enabled by default.
w: file:///Users/kyrie/Documents/Codex%20Questlife/QuestLife-v1/node_modules/react-native-screens/android/src/main/java/com/swmansion/rnscreens/ScreenWindowTraits.kt:218:72 'var navigationBarColor: Int' is deprecated. Deprecated in Java.
w: file:///Users/kyrie/Documents/Codex%20Questlife/QuestLife-v1/node_modules/react-native-screens/android/src/main/java/com/swmansion/rnscreens/ScreenWindowTraits.kt:224:16 'var navigationBarColor: Int' is deprecated. Deprecated in Java.
w: file:///Users/kyrie/Documents/Codex%20Questlife/QuestLife-v1/node_modules/react-native-screens/android/src/main/java/com/swmansion/rnscreens/ScreenWindowTraits.kt:241:55 'var isNavigationBarTranslucent: Boolean?' is deprecated. For all apps targeting Android SDK 35 or above edge-to-edge is enabled by default.
w: file:///Users/kyrie/Documents/Codex%20Questlife/QuestLife-v1/node_modules/react-native-screens/android/src/main/java/com/swmansion/rnscreens/ScreenWindowTraits.kt:283:13 'fun setColor(screen: Screen, activity: Activity?, context: ReactContext?): Unit' is deprecated. For apps targeting SDK 35 or above this prop has no effect because edge-to-edge is enabled by default and the status bar is always translucent.
w: file:///Users/kyrie/Documents/Codex%20Questlife/QuestLife-v1/node_modules/react-native-screens/android/src/main/java/com/swmansion/rnscreens/ScreenWindowTraits.kt:285:13 'fun setTranslucent(screen: Screen, activity: Activity?, context: ReactContext?): Unit' is deprecated. For apps targeting SDK 35 or above this prop has no effect because edge-to-edge is enabled by default and the status bar is always translucent.
w: file:///Users/kyrie/Documents/Codex%20Questlife/QuestLife-v1/node_modules/react-native-screens/android/src/main/java/com/swmansion/rnscreens/ScreenWindowTraits.kt:289:13 'fun setNavigationBarColor(screen: Screen, activity: Activity?): Unit' is deprecated. For all apps targeting Android SDK 35 or above edge-to-edge is enabled by default.
w: file:///Users/kyrie/Documents/Codex%20Questlife/QuestLife-v1/node_modules/react-native-screens/android/src/main/java/com/swmansion/rnscreens/ScreenWindowTraits.kt:290:13 'fun setNavigationBarTranslucent(screen: Screen, activity: Activity?): Unit' is deprecated. For all apps targeting Android SDK 35 or above edge-to-edge is enabled by default.
w: file:///Users/kyrie/Documents/Codex%20Questlife/QuestLife-v1/node_modules/react-native-screens/android/src/main/java/com/swmansion/rnscreens/ScreenWindowTraits.kt:354:42 'var statusBarColor: Int?' is deprecated. For apps targeting SDK 35 or above this prop has no effect because edge-to-edge is enabled by default and the status bar is always translucent.
w: file:///Users/kyrie/Documents/Codex%20Questlife/QuestLife-v1/node_modules/react-native-screens/android/src/main/java/com/swmansion/rnscreens/ScreenWindowTraits.kt:356:48 'var isStatusBarTranslucent: Boolean?' is deprecated. For apps targeting SDK 35 or above this prop has no effect because edge-to-edge is enabled by default and the status bar is always translucent.
w: file:///Users/kyrie/Documents/Codex%20Questlife/QuestLife-v1/node_modules/react-native-screens/android/src/main/java/com/swmansion/rnscreens/ScreenWindowTraits.kt:359:57 'var navigationBarColor: Int?' is deprecated. For all apps targeting Android SDK 35 or above edge-to-edge is enabled by default.
w: file:///Users/kyrie/Documents/Codex%20Questlife/QuestLife-v1/node_modules/react-native-screens/android/src/main/java/com/swmansion/rnscreens/ScreenWindowTraits.kt:360:63 'var isNavigationBarTranslucent: Boolean?' is deprecated. For all apps targeting Android SDK 35 or above edge-to-edge is enabled by default.
w: file:///Users/kyrie/Documents/Codex%20Questlife/QuestLife-v1/node_modules/react-native-screens/android/src/main/java/com/swmansion/rnscreens/bottomsheet/BottomSheetDialogRootView.kt:7:8 'object ReactFeatureFlags : Any' is deprecated. Use com.facebook.react.internal.featureflags.ReactNativeFeatureFlags instead.
w: file:///Users/kyrie/Documents/Codex%20Questlife/QuestLife-v1/node_modules/react-native-screens/android/src/main/java/com/swmansion/rnscreens/bottomsheet/BottomSheetDialogRootView.kt:25:13 'object ReactFeatureFlags : Any' is deprecated. Use com.facebook.react.internal.featureflags.ReactNativeFeatureFlags instead.
w: file:///Users/kyrie/Documents/Codex%20Questlife/QuestLife-v1/node_modules/react-native-screens/android/src/main/java/com/swmansion/rnscreens/bottomsheet/BottomSheetDialogRootView.kt:32:9 The corresponding parameter in the supertype 'ReactViewGroup' is named 'left'. This may cause problems when calling this function with named arguments.
w: file:///Users/kyrie/Documents/Codex%20Questlife/QuestLife-v1/node_modules/react-native-screens/android/src/main/java/com/swmansion/rnscreens/bottomsheet/BottomSheetDialogRootView.kt:33:9 The corresponding parameter in the supertype 'ReactViewGroup' is named 'top'. This may cause problems when calling this function with named arguments.
w: file:///Users/kyrie/Documents/Codex%20Questlife/QuestLife-v1/node_modules/react-native-screens/android/src/main/java/com/swmansion/rnscreens/bottomsheet/BottomSheetDialogRootView.kt:34:9 The corresponding parameter in the supertype 'ReactViewGroup' is named 'right'. This may cause problems when calling this function with named arguments.
w: file:///Users/kyrie/Documents/Codex%20Questlife/QuestLife-v1/node_modules/react-native-screens/android/src/main/java/com/swmansion/rnscreens/bottomsheet/BottomSheetDialogRootView.kt:35:9 The corresponding parameter in the supertype 'ReactViewGroup' is named 'bottom'. This may cause problems when calling this function with named arguments.
w: file:///Users/kyrie/Documents/Codex%20Questlife/QuestLife-v1/node_modules/react-native-screens/android/src/main/java/com/swmansion/rnscreens/bottomsheet/BottomSheetDialogRootView.kt:71:9 The corresponding parameter in the supertype 'RootView' is named 'childView'. This may cause problems when calling this function with named arguments.
w: file:///Users/kyrie/Documents/Codex%20Questlife/QuestLife-v1/node_modules/react-native-screens/android/src/main/java/com/swmansion/rnscreens/bottomsheet/BottomSheetDialogRootView.kt:72:9 The corresponding parameter in the supertype 'RootView' is named 'ev'. This may cause problems when calling this function with named arguments.
w: file:///Users/kyrie/Documents/Codex%20Questlife/QuestLife-v1/node_modules/react-native-screens/android/src/main/java/com/swmansion/rnscreens/bottomsheet/BottomSheetDialogRootView.kt:79:46 The corresponding parameter in the supertype 'RootView' is named 'ev'. This may cause problems when calling this function with named arguments.
w: file:///Users/kyrie/Documents/Codex%20Questlife/QuestLife-v1/node_modules/react-native-screens/android/src/main/java/com/swmansion/rnscreens/bottomsheet/BottomSheetDialogRootView.kt:83:9 The corresponding parameter in the supertype 'RootView' is named 'childView'. This may cause problems when calling this function with named arguments.
w: file:///Users/kyrie/Documents/Codex%20Questlife/QuestLife-v1/node_modules/react-native-screens/android/src/main/java/com/swmansion/rnscreens/bottomsheet/BottomSheetDialogRootView.kt:84:9 The corresponding parameter in the supertype 'RootView' is named 'ev'. This may cause problems when calling this function with named arguments.
w: file:///Users/kyrie/Documents/Codex%20Questlife/QuestLife-v1/node_modules/react-native-screens/android/src/main/java/com/swmansion/rnscreens/bottomsheet/BottomSheetDialogRootView.kt:95:34 The corresponding parameter in the supertype 'RootView' is named 't'. This may cause problems when calling this function with named arguments.
w: file:///Users/kyrie/Documents/Codex%20Questlife/QuestLife-v1/node_modules/react-native-screens/android/src/main/java/com/swmansion/rnscreens/bottomsheet/DimmingView.kt:63:9 The corresponding parameter in the supertype 'ReactCompoundView' is named 'touchX'. This may cause problems when calling this function with named arguments.
w: file:///Users/kyrie/Documents/Codex%20Questlife/QuestLife-v1/node_modules/react-native-screens/android/src/main/java/com/swmansion/rnscreens/bottomsheet/DimmingView.kt:64:9 The corresponding parameter in the supertype 'ReactCompoundView' is named 'touchY'. This may cause problems when calling this function with named arguments.
w: file:///Users/kyrie/Documents/Codex%20Questlife/QuestLife-v1/node_modules/react-native-screens/android/src/main/java/com/swmansion/rnscreens/bottomsheet/DimmingView.kt:68:9 The corresponding parameter in the supertype 'ReactCompoundViewGroup' is named 'touchX'. This may cause problems when calling this function with named arguments.
w: file:///Users/kyrie/Documents/Codex%20Questlife/QuestLife-v1/node_modules/react-native-screens/android/src/main/java/com/swmansion/rnscreens/bottomsheet/DimmingView.kt:69:9 The corresponding parameter in the supertype 'ReactCompoundViewGroup' is named 'touchY'. This may cause problems when calling this function with named arguments.
w: file:///Users/kyrie/Documents/Codex%20Questlife/QuestLife-v1/node_modules/react-native-screens/android/src/main/java/com/swmansion/rnscreens/gamma/tabs/TabsHostViewManager.kt:37:9 The corresponding parameter in the supertype 'TabsHostViewManager' is named 'view'. This may cause problems when calling this function with named arguments.

> Task :react-native-screens:compileDebugJavaWithJavac
> Task :react-native-screens:bundleLibCompileToJarDebug
> Task :expo-dev-launcher:mergeDebugShaders
> Task :expo-dev-launcher:compileDebugShaders NO-SOURCE
> Task :expo-dev-launcher:generateDebugAssets UP-TO-DATE
> Task :expo-dev-launcher:mergeDebugAssets
> Task :expo-constants:bundleLibRuntimeToJarDebug
> Task :expo-dev-client:bundleLibRuntimeToJarDebug
> Task :expo-dev-menu:bundleLibRuntimeToJarDebug
> Task :expo-dev-menu-interface:bundleLibRuntimeToJarDebug
> Task :expo-json-utils:bundleLibRuntimeToJarDebug
> Task :expo-manifests:bundleLibRuntimeToJarDebug
> Task :app:mergeDebugAssets
> Task :app:compressDebugAssets
> Task :expo-updates-interface:bundleLibRuntimeToJarDebug
> Task :react-native-health-connect:bundleLibRuntimeToJarDebug
> Task :react-native-health-connect-expo:bundleLibRuntimeToJarDebug
> Task :expo-modules-core:bundleLibRuntimeToJarDebug
> Task :react-native-safe-area-context:bundleLibRuntimeToJarDebug
> Task :react-native-screens:bundleLibRuntimeToJarDebug
> Task :react-native-webview:bundleLibRuntimeToJarDebug
> Task :react-native-async-storage_async-storage:bundleLibRuntimeToJarDebug
> Task :app:desugarDebugFileDependencies
> Task :expo-constants:processDebugJavaRes
> Task :expo-dev-client:processDebugJavaRes NO-SOURCE
> Task :expo-dev-menu:processDebugJavaRes
> Task :expo-dev-menu-interface:processDebugJavaRes
> Task :expo-json-utils:processDebugJavaRes
> Task :expo-manifests:processDebugJavaRes
> Task :expo-modules-core:processDebugJavaRes
> Task :expo-updates-interface:processDebugJavaRes
> Task :react-native-async-storage_async-storage:processDebugJavaRes NO-SOURCE
> Task :react-native-community_datetimepicker:processDebugJavaRes
> Task :react-native-gesture-handler:processDebugJavaRes
> Task :react-native-health-connect-expo:processDebugJavaRes
> Task :react-native-health-connect:processDebugJavaRes
> Task :react-native-safe-area-context:processDebugJavaRes
> Task :react-native-svg:processDebugJavaRes NO-SOURCE
> Task :react-native-webview:processDebugJavaRes
> Task :react-native-screens:processDebugJavaRes
> Task :expo:mergeDebugJniLibFolders
> Task :expo:mergeDebugNativeLibs NO-SOURCE
> Task :expo:copyDebugJniLibsProjectOnly
> Task :expo-constants:mergeDebugJniLibFolders
> Task :expo-constants:mergeDebugNativeLibs NO-SOURCE
> Task :expo-constants:copyDebugJniLibsProjectOnly
> Task :expo-dev-client:mergeDebugJniLibFolders
> Task :expo-dev-client:mergeDebugNativeLibs NO-SOURCE
> Task :expo-dev-client:copyDebugJniLibsProjectOnly
> Task :app:checkDebugDuplicateClasses
> Task :expo-dev-launcher:mergeDebugJniLibFolders
> Task :expo-dev-launcher:mergeDebugNativeLibs NO-SOURCE
> Task :expo-dev-launcher:copyDebugJniLibsProjectOnly
> Task :expo-dev-menu:mergeDebugJniLibFolders
> Task :expo-dev-menu:mergeDebugNativeLibs NO-SOURCE
> Task :expo-dev-menu:copyDebugJniLibsProjectOnly
> Task :expo-dev-menu-interface:mergeDebugJniLibFolders
> Task :expo-dev-menu-interface:mergeDebugNativeLibs NO-SOURCE
> Task :expo-dev-menu-interface:copyDebugJniLibsProjectOnly
> Task :expo-json-utils:mergeDebugJniLibFolders
> Task :expo-json-utils:mergeDebugNativeLibs NO-SOURCE
> Task :expo-json-utils:copyDebugJniLibsProjectOnly
> Task :expo-manifests:mergeDebugJniLibFolders
> Task :expo-manifests:mergeDebugNativeLibs NO-SOURCE
> Task :expo-manifests:copyDebugJniLibsProjectOnly
> Task :expo-updates-interface:mergeDebugJniLibFolders
> Task :expo-updates-interface:mergeDebugNativeLibs NO-SOURCE
> Task :expo-updates-interface:copyDebugJniLibsProjectOnly
> Task :react-native-async-storage_async-storage:mergeDebugJniLibFolders
> Task :react-native-async-storage_async-storage:mergeDebugNativeLibs NO-SOURCE
> Task :react-native-async-storage_async-storage:copyDebugJniLibsProjectOnly
> Task :react-native-community_datetimepicker:mergeDebugJniLibFolders
> Task :react-native-community_datetimepicker:mergeDebugNativeLibs NO-SOURCE
> Task :react-native-community_datetimepicker:copyDebugJniLibsProjectOnly

> Task :expo-dev-launcher:compileDebugKotlin
w: file:///Users/kyrie/Documents/Codex%20Questlife/QuestLife-v1/node_modules/expo-dev-launcher/android/src/debug/java/expo/modules/devlauncher/DevLauncherController.kt:474:81 'val reactNativeHost: ReactNativeHost' is deprecated. You should not use ReactNativeHost directly in the New Architecture. Use ReactHost instead.
w: file:///Users/kyrie/Documents/Codex%20Questlife/QuestLife-v1/node_modules/expo-dev-launcher/android/src/debug/java/expo/modules/devlauncher/compose/models/BranchViewModel.kt:80:31 'val runtimeVersion: String' is deprecated. Use 'runtime' field .
w: file:///Users/kyrie/Documents/Codex%20Questlife/QuestLife-v1/node_modules/expo-dev-launcher/android/src/debug/java/expo/modules/devlauncher/helpers/DevLauncherReactUtils.kt:7:8 'class ReactNativeHost : Any' is deprecated. Deprecated in Java.
w: file:///Users/kyrie/Documents/Codex%20Questlife/QuestLife-v1/node_modules/expo-dev-launcher/android/src/debug/java/expo/modules/devlauncher/helpers/DevLauncherReactUtils.kt:78:20 'class ReactNativeHost : Any' is deprecated. Deprecated in Java.
w: file:///Users/kyrie/Documents/Codex%20Questlife/QuestLife-v1/node_modules/expo-dev-launcher/android/src/debug/java/expo/modules/devlauncher/helpers/DevLauncherReactUtils.kt:155:20 'class ReactNativeHost : Any' is deprecated. Deprecated in Java.
w: file:///Users/kyrie/Documents/Codex%20Questlife/QuestLife-v1/node_modules/expo-dev-launcher/android/src/debug/java/expo/modules/devlauncher/helpers/DevLauncherReactUtils.kt:246:11 'fun newInstance(): CapturedType(*)!' is deprecated. Deprecated in Java.
w: file:///Users/kyrie/Documents/Codex%20Questlife/QuestLife-v1/node_modules/expo-dev-launcher/android/src/debug/java/expo/modules/devlauncher/launcher/DevLauncherActivity.kt:19:5 'fun overridePendingTransition(p0: Int, p1: Int): Unit' is deprecated. Deprecated in Java.
w: file:///Users/kyrie/Documents/Codex%20Questlife/QuestLife-v1/node_modules/expo-dev-launcher/android/src/debug/java/expo/modules/devlauncher/launcher/DevLauncherActivity.kt:36:5 'fun overridePendingTransition(p0: Int, p1: Int): Unit' is deprecated. Deprecated in Java.
w: file:///Users/kyrie/Documents/Codex%20Questlife/QuestLife-v1/node_modules/expo-dev-launcher/android/src/debug/java/expo/modules/devlauncher/modules/DevLauncherModule.kt:16:29 'fun getRawJson(): JSONObject' is deprecated. Prefer to use specific field getters.
w: file:///Users/kyrie/Documents/Codex%20Questlife/QuestLife-v1/node_modules/expo-dev-launcher/android/src/debug/java/expo/modules/devlauncher/react/DevLauncherBridgeDevSupportManager.kt:49:38 This code uses error suppression for 'NOTHING_TO_OVERRIDE'. While it might compile and work, the compiler behavior is UNSPECIFIED and WILL NOT BE PRESERVED. Please report your use case to the Kotlin issue tracker instead: https://kotl.in/issue
w: file:///Users/kyrie/Documents/Codex%20Questlife/QuestLife-v1/node_modules/expo-dev-launcher/android/src/debug/java/expo/modules/devlauncher/react/DevLauncherBridgelessDevSupportManager.kt:48:38 This code uses error suppression for 'NOTHING_TO_OVERRIDE'. While it might compile and work, the compiler behavior is UNSPECIFIED and WILL NOT BE PRESERVED. Please report your use case to the Kotlin issue tracker instead: https://kotl.in/issue
w: file:///Users/kyrie/Documents/Codex%20Questlife/QuestLife-v1/node_modules/expo-dev-launcher/android/src/debug/java/expo/modules/devlauncher/react/DevLauncherDevSupportManagerFactory.kt:19:5 The corresponding parameter in the supertype 'DevSupportManagerFactory' is named 'reactInstanceManagerHelper'. This may cause problems when calling this function with named arguments.
w: file:///Users/kyrie/Documents/Codex%20Questlife/QuestLife-v1/node_modules/expo-dev-launcher/android/src/debug/java/expo/modules/devlauncher/react/DevLauncherDevSupportManagerFactory.kt:48:5 The corresponding parameter in the supertype 'DevSupportManagerFactory' is named 'reactInstanceManagerHelper'. This may cause problems when calling this function with named arguments.
w: file:///Users/kyrie/Documents/Codex%20Questlife/QuestLife-v1/node_modules/expo-dev-launcher/android/src/debug/java/expo/modules/devlauncher/react/DevLauncherDevSupportManagerSwapper.kt:6:8 'class ReactNativeHost : Any' is deprecated. Deprecated in Java.
w: file:///Users/kyrie/Documents/Codex%20Questlife/QuestLife-v1/node_modules/expo-dev-launcher/android/src/debug/java/expo/modules/devlauncher/react/DevLauncherDevSupportManagerSwapper.kt:34:58 'class ReactNativeHost : Any' is deprecated. Deprecated in Java.
w: file:///Users/kyrie/Documents/Codex%20Questlife/QuestLife-v1/node_modules/expo-dev-launcher/android/src/main/java/expo/modules/devlauncher/DevLauncherPackage.kt:15:16 This declaration overrides a deprecated member but is not marked as deprecated itself. Add the '@Deprecated' annotation or suppress the diagnostic.
w: file:///Users/kyrie/Documents/Codex%20Questlife/QuestLife-v1/node_modules/expo-dev-launcher/android/src/main/java/expo/modules/devlauncher/launcher/DevLauncherRecentlyOpenedAppsRegistry.kt:33:47 Unchecked cast of 'MutableMap<Any?, Any?>' to 'MutableMap<String, Any>'.
w: file:///Users/kyrie/Documents/Codex%20Questlife/QuestLife-v1/node_modules/expo-dev-launcher/android/src/main/java/expo/modules/devlauncher/launcher/DevLauncherRecentlyOpenedAppsRegistry.kt:51:27 'fun getRawJson(): JSONObject' is deprecated. Prefer to use specific field getters.
w: file:///Users/kyrie/Documents/Codex%20Questlife/QuestLife-v1/node_modules/expo-dev-launcher/android/src/main/java/expo/modules/devlauncher/launcher/configurators/DevLauncherExpoActivityConfigurator.kt:37:23 'constructor(p0: String!, p1: Bitmap!, p2: Int): ActivityManager.TaskDescription' is deprecated. Deprecated in Java.
w: file:///Users/kyrie/Documents/Codex%20Questlife/QuestLife-v1/node_modules/expo-dev-launcher/android/src/main/java/expo/modules/devlauncher/launcher/configurators/DevLauncherExpoActivityConfigurator.kt:63:61 'static field FLAG_TRANSLUCENT_STATUS: Int' is deprecated. Deprecated in Java.
w: file:///Users/kyrie/Documents/Codex%20Questlife/QuestLife-v1/node_modules/expo-dev-launcher/android/src/main/java/expo/modules/devlauncher/launcher/configurators/DevLauncherExpoActivityConfigurator.kt:92:45 'var systemUiVisibility: Int' is deprecated. Deprecated in Java.
w: file:///Users/kyrie/Documents/Codex%20Questlife/QuestLife-v1/node_modules/expo-dev-launcher/android/src/main/java/expo/modules/devlauncher/launcher/configurators/DevLauncherExpoActivityConfigurator.kt:95:68 'static field SYSTEM_UI_FLAG_LIGHT_STATUS_BAR: Int' is deprecated. Deprecated in Java.
w: file:///Users/kyrie/Documents/Codex%20Questlife/QuestLife-v1/node_modules/expo-dev-launcher/android/src/main/java/expo/modules/devlauncher/launcher/configurators/DevLauncherExpoActivityConfigurator.kt:99:67 'static field SYSTEM_UI_FLAG_LIGHT_STATUS_BAR: Int' is deprecated. Deprecated in Java.
w: file:///Users/kyrie/Documents/Codex%20Questlife/QuestLife-v1/node_modules/expo-dev-launcher/android/src/main/java/expo/modules/devlauncher/launcher/configurators/DevLauncherExpoActivityConfigurator.kt:103:67 'static field SYSTEM_UI_FLAG_LIGHT_STATUS_BAR: Int' is deprecated. Deprecated in Java.
w: file:///Users/kyrie/Documents/Codex%20Questlife/QuestLife-v1/node_modules/expo-dev-launcher/android/src/main/java/expo/modules/devlauncher/launcher/configurators/DevLauncherExpoActivityConfigurator.kt:107:15 'var systemUiVisibility: Int' is deprecated. Deprecated in Java.
w: file:///Users/kyrie/Documents/Codex%20Questlife/QuestLife-v1/node_modules/expo-dev-launcher/android/src/main/java/expo/modules/devlauncher/launcher/configurators/DevLauncherExpoActivityConfigurator.kt:115:59 'static field FLAG_FULLSCREEN: Int' is deprecated. Deprecated in Java.
w: file:///Users/kyrie/Documents/Codex%20Questlife/QuestLife-v1/node_modules/expo-dev-launcher/android/src/main/java/expo/modules/devlauncher/launcher/configurators/DevLauncherExpoActivityConfigurator.kt:116:61 'static field FLAG_FORCE_NOT_FULLSCREEN: Int' is deprecated. Deprecated in Java.
w: file:///Users/kyrie/Documents/Codex%20Questlife/QuestLife-v1/node_modules/expo-dev-launcher/android/src/main/java/expo/modules/devlauncher/launcher/configurators/DevLauncherExpoActivityConfigurator.kt:118:59 'static field FLAG_FORCE_NOT_FULLSCREEN: Int' is deprecated. Deprecated in Java.
w: file:///Users/kyrie/Documents/Codex%20Questlife/QuestLife-v1/node_modules/expo-dev-launcher/android/src/main/java/expo/modules/devlauncher/launcher/configurators/DevLauncherExpoActivityConfigurator.kt:119:61 'static field FLAG_FULLSCREEN: Int' is deprecated. Deprecated in Java.
w: file:///Users/kyrie/Documents/Codex%20Questlife/QuestLife-v1/node_modules/expo-dev-launcher/android/src/main/java/expo/modules/devlauncher/launcher/configurators/DevLauncherExpoActivityConfigurator.kt:131:23 'fun replaceSystemWindowInsets(p0: Int, p1: Int, p2: Int, p3: Int): WindowInsets' is deprecated. Deprecated in Java.
w: file:///Users/kyrie/Documents/Codex%20Questlife/QuestLife-v1/node_modules/expo-dev-launcher/android/src/main/java/expo/modules/devlauncher/launcher/configurators/DevLauncherExpoActivityConfigurator.kt:132:25 'val systemWindowInsetLeft: Int' is deprecated. Deprecated in Java.
w: file:///Users/kyrie/Documents/Codex%20Questlife/QuestLife-v1/node_modules/expo-dev-launcher/android/src/main/java/expo/modules/devlauncher/launcher/configurators/DevLauncherExpoActivityConfigurator.kt:134:25 'val systemWindowInsetRight: Int' is deprecated. Deprecated in Java.
w: file:///Users/kyrie/Documents/Codex%20Questlife/QuestLife-v1/node_modules/expo-dev-launcher/android/src/main/java/expo/modules/devlauncher/launcher/configurators/DevLauncherExpoActivityConfigurator.kt:135:25 'val systemWindowInsetBottom: Int' is deprecated. Deprecated in Java.
w: file:///Users/kyrie/Documents/Codex%20Questlife/QuestLife-v1/node_modules/expo-dev-launcher/android/src/main/java/expo/modules/devlauncher/launcher/configurators/DevLauncherExpoActivityConfigurator.kt:150:15 'var statusBarColor: Int' is deprecated. Deprecated in Java.
w: file:///Users/kyrie/Documents/Codex%20Questlife/QuestLife-v1/node_modules/expo-dev-launcher/android/src/main/java/expo/modules/devlauncher/launcher/configurators/DevLauncherExpoActivityConfigurator.kt:160:63 'static field FLAG_TRANSLUCENT_NAVIGATION: Int' is deprecated. Deprecated in Java.
w: file:///Users/kyrie/Documents/Codex%20Questlife/QuestLife-v1/node_modules/expo-dev-launcher/android/src/main/java/expo/modules/devlauncher/launcher/configurators/DevLauncherExpoActivityConfigurator.kt:161:25 'var navigationBarColor: Int' is deprecated. Deprecated in Java.
w: file:///Users/kyrie/Documents/Codex%20Questlife/QuestLife-v1/node_modules/expo-dev-launcher/android/src/main/java/expo/modules/devlauncher/launcher/configurators/DevLauncherExpoActivityConfigurator.kt:171:63 'static field FLAG_TRANSLUCENT_NAVIGATION: Int' is deprecated. Deprecated in Java.
w: file:///Users/kyrie/Documents/Codex%20Questlife/QuestLife-v1/node_modules/expo-dev-launcher/android/src/main/java/expo/modules/devlauncher/launcher/configurators/DevLauncherExpoActivityConfigurator.kt:175:33 'var systemUiVisibility: Int' is deprecated. Deprecated in Java.
w: file:///Users/kyrie/Documents/Codex%20Questlife/QuestLife-v1/node_modules/expo-dev-launcher/android/src/main/java/expo/modules/devlauncher/launcher/configurators/DevLauncherExpoActivityConfigurator.kt:176:33 'static field SYSTEM_UI_FLAG_LIGHT_NAVIGATION_BAR: Int' is deprecated. Deprecated in Java.
w: file:///Users/kyrie/Documents/Codex%20Questlife/QuestLife-v1/node_modules/expo-dev-launcher/android/src/main/java/expo/modules/devlauncher/launcher/configurators/DevLauncherExpoActivityConfigurator.kt:177:21 'var systemUiVisibility: Int' is deprecated. Deprecated in Java.
w: file:///Users/kyrie/Documents/Codex%20Questlife/QuestLife-v1/node_modules/expo-dev-launcher/android/src/main/java/expo/modules/devlauncher/launcher/configurators/DevLauncherExpoActivityConfigurator.kt:190:29 'var systemUiVisibility: Int' is deprecated. Deprecated in Java.
w: file:///Users/kyrie/Documents/Codex%20Questlife/QuestLife-v1/node_modules/expo-dev-launcher/android/src/main/java/expo/modules/devlauncher/launcher/configurators/DevLauncherExpoActivityConfigurator.kt:191:62 'static field SYSTEM_UI_FLAG_HIDE_NAVIGATION: Int' is deprecated. Deprecated in Java.
w: file:///Users/kyrie/Documents/Codex%20Questlife/QuestLife-v1/node_modules/expo-dev-launcher/android/src/main/java/expo/modules/devlauncher/launcher/configurators/DevLauncherExpoActivityConfigurator.kt:191:101 'static field SYSTEM_UI_FLAG_FULLSCREEN: Int' is deprecated. Deprecated in Java.
w: file:///Users/kyrie/Documents/Codex%20Questlife/QuestLife-v1/node_modules/expo-dev-launcher/android/src/main/java/expo/modules/devlauncher/launcher/configurators/DevLauncherExpoActivityConfigurator.kt:192:63 'static field SYSTEM_UI_FLAG_HIDE_NAVIGATION: Int' is deprecated. Deprecated in Java.
w: file:///Users/kyrie/Documents/Codex%20Questlife/QuestLife-v1/node_modules/expo-dev-launcher/android/src/main/java/expo/modules/devlauncher/launcher/configurators/DevLauncherExpoActivityConfigurator.kt:192:102 'static field SYSTEM_UI_FLAG_FULLSCREEN: Int' is deprecated. Deprecated in Java.
w: file:///Users/kyrie/Documents/Codex%20Questlife/QuestLife-v1/node_modules/expo-dev-launcher/android/src/main/java/expo/modules/devlauncher/launcher/configurators/DevLauncherExpoActivityConfigurator.kt:192:136 'static field SYSTEM_UI_FLAG_IMMERSIVE: Int' is deprecated. Deprecated in Java.
w: file:///Users/kyrie/Documents/Codex%20Questlife/QuestLife-v1/node_modules/expo-dev-launcher/android/src/main/java/expo/modules/devlauncher/launcher/configurators/DevLauncherExpoActivityConfigurator.kt:193:70 'static field SYSTEM_UI_FLAG_HIDE_NAVIGATION: Int' is deprecated. Deprecated in Java.
w: file:///Users/kyrie/Documents/Codex%20Questlife/QuestLife-v1/node_modules/expo-dev-launcher/android/src/main/java/expo/modules/devlauncher/launcher/configurators/DevLauncherExpoActivityConfigurator.kt:193:109 'static field SYSTEM_UI_FLAG_FULLSCREEN: Int' is deprecated. Deprecated in Java.
w: file:///Users/kyrie/Documents/Codex%20Questlife/QuestLife-v1/node_modules/expo-dev-launcher/android/src/main/java/expo/modules/devlauncher/launcher/configurators/DevLauncherExpoActivityConfigurator.kt:193:143 'static field SYSTEM_UI_FLAG_IMMERSIVE_STICKY: Int' is deprecated. Deprecated in Java.
w: file:///Users/kyrie/Documents/Codex%20Questlife/QuestLife-v1/node_modules/expo-dev-launcher/android/src/main/java/expo/modules/devlauncher/launcher/configurators/DevLauncherExpoActivityConfigurator.kt:196:17 'var systemUiVisibility: Int' is deprecated. Deprecated in Java.

> Task :expo-dev-launcher:compileDebugJavaWithJavac
> Task :expo-dev-launcher:bundleLibCompileToJarDebug

> Task :expo:compileDebugKotlin
w: file:///Users/kyrie/Documents/Codex%20Questlife/QuestLife-v1/node_modules/expo/android/src/main/java/expo/modules/ExpoModulesPackage.kt:34:16 This declaration overrides a deprecated member but is not marked as deprecated itself. Add the '@Deprecated' annotation or suppress the diagnostic.
w: file:///Users/kyrie/Documents/Codex%20Questlife/QuestLife-v1/node_modules/expo/android/src/main/java/expo/modules/ExpoReactHostFactory.kt:8:8 'class ReactNativeHost : Any' is deprecated. Deprecated in Java.
w: file:///Users/kyrie/Documents/Codex%20Questlife/QuestLife-v1/node_modules/expo/android/src/main/java/expo/modules/ExpoReactHostFactory.kt:80:22 'class ReactNativeHost : Any' is deprecated. Deprecated in Java.
w: file:///Users/kyrie/Documents/Codex%20Questlife/QuestLife-v1/node_modules/expo/android/src/main/java/expo/modules/ReactActivityDelegateWrapper.kt:24:8 'class ReactNativeHost : Any' is deprecated. Deprecated in Java.
w: file:///Users/kyrie/Documents/Codex%20Questlife/QuestLife-v1/node_modules/expo/android/src/main/java/expo/modules/ReactActivityDelegateWrapper.kt:58:33 'class ReactNativeHost : Any' is deprecated. Deprecated in Java.
w: file:///Users/kyrie/Documents/Codex%20Questlife/QuestLife-v1/node_modules/expo/android/src/main/java/expo/modules/ReactActivityDelegateWrapper.kt:105:16 This declaration overrides a deprecated member but is not marked as deprecated itself. Add the '@Deprecated' annotation or suppress the diagnostic.
w: file:///Users/kyrie/Documents/Codex%20Questlife/QuestLife-v1/node_modules/expo/android/src/main/java/expo/modules/ReactActivityDelegateWrapper.kt:105:38 'class ReactNativeHost : Any' is deprecated. Deprecated in Java.
w: file:///Users/kyrie/Documents/Codex%20Questlife/QuestLife-v1/node_modules/expo/android/src/main/java/expo/modules/ReactActivityDelegateWrapper.kt:113:16 This declaration overrides a deprecated member but is not marked as deprecated itself. Add the '@Deprecated' annotation or suppress the diagnostic.
w: file:///Users/kyrie/Documents/Codex%20Questlife/QuestLife-v1/node_modules/expo/android/src/main/java/expo/modules/ReactActivityDelegateWrapper.kt:114:21 'val reactInstanceManager: ReactInstanceManager' is deprecated. Deprecated in Java.
w: file:///Users/kyrie/Documents/Codex%20Questlife/QuestLife-v1/node_modules/expo/android/src/main/java/expo/modules/ReactActivityDelegateWrapper.kt:168:36 'constructor(activity: Activity, reactNativeHost: ReactNativeHost?, appKey: String?, launchOptions: Bundle?, fabricEnabled: Boolean): ReactDelegate' is deprecated. Deprecated since 0.81.0, use one of the other constructors instead.
w: file:///Users/kyrie/Documents/Codex%20Questlife/QuestLife-v1/node_modules/expo/android/src/main/java/expo/modules/ReactActivityDelegateWrapper.kt:279:77 'val reactInstanceManager: ReactInstanceManager' is deprecated. Deprecated in Java.
w: file:///Users/kyrie/Documents/Codex%20Questlife/QuestLife-v1/node_modules/expo/android/src/main/java/expo/modules/ReactActivityDelegateWrapper.kt:282:22 'val reactInstanceManager: ReactInstanceManager' is deprecated. Deprecated in Java.
w: file:///Users/kyrie/Documents/Codex%20Questlife/QuestLife-v1/node_modules/expo/android/src/main/java/expo/modules/ReactActivityDelegateWrapper.kt:286:54 'val reactInstanceManager: ReactInstanceManager' is deprecated. Deprecated in Java.
w: file:///Users/kyrie/Documents/Codex%20Questlife/QuestLife-v1/node_modules/expo/android/src/main/java/expo/modules/ReactNativeHostWrapper.kt:6:8 'class ReactNativeHost : Any' is deprecated. Deprecated in Java.
w: file:///Users/kyrie/Documents/Codex%20Questlife/QuestLife-v1/node_modules/expo/android/src/main/java/expo/modules/ReactNativeHostWrapper.kt:15:9 'class ReactNativeHost : Any' is deprecated. Deprecated in Java.
w: file:///Users/kyrie/Documents/Codex%20Questlife/QuestLife-v1/node_modules/expo/android/src/main/java/expo/modules/ReactNativeHostWrapper.kt:47:60 'class ReactNativeHost : Any' is deprecated. Deprecated in Java.
w: file:///Users/kyrie/Documents/Codex%20Questlife/QuestLife-v1/node_modules/expo/android/src/main/java/expo/modules/ReactNativeHostWrapperBase.kt:7:8 'class ReactNativeHost : Any' is deprecated. Deprecated in Java.
w: file:///Users/kyrie/Documents/Codex%20Questlife/QuestLife-v1/node_modules/expo/android/src/main/java/expo/modules/ReactNativeHostWrapperBase.kt:16:23 'class ReactNativeHost : Any' is deprecated. Deprecated in Java.
w: file:///Users/kyrie/Documents/Codex%20Questlife/QuestLife-v1/node_modules/expo/android/src/main/java/expo/modules/ReactNativeHostWrapperBase.kt:89:16 'class ReactNativeHost : Any' is deprecated. Deprecated in Java.
w: file:///Users/kyrie/Documents/Codex%20Questlife/QuestLife-v1/node_modules/expo/android/src/main/java/expo/modules/ReactNativeHostWrapperBase.kt:101:38 'class ReactNativeHost : Any' is deprecated. Deprecated in Java.
w: file:///Users/kyrie/Documents/Codex%20Questlife/QuestLife-v1/node_modules/expo/android/src/main/java/expo/modules/fetch/ExpoFetchModule.kt:30:39 'constructor(reactContext: ReactContext): ForwardingCookieHandler' is deprecated. Use the default constructor.
w: file:///Users/kyrie/Documents/Codex%20Questlife/QuestLife-v1/node_modules/expo/android/src/main/java/expo/modules/fetch/NativeResponse.kt:44:16 This declaration overrides a deprecated member but is not marked as deprecated itself. Add the '@Deprecated' annotation or suppress the diagnostic.
w: file:///Users/kyrie/Documents/Codex%20Questlife/QuestLife-v1/node_modules/expo/android/src/main/java/expo/modules/fetch/NativeResponse.kt:46:11 'fun deallocate(): Unit' is deprecated. Use sharedObjectDidRelease() instead.

> Task :expo:compileDebugJavaWithJavac
> Task :expo:bundleLibCompileToJarDebug
> Task :expo:bundleLibRuntimeToJarDebug
> Task :expo-dev-launcher:bundleLibRuntimeToJarDebug
> Task :expo:processDebugJavaRes
> Task :expo-dev-launcher:processDebugJavaRes
> Task :react-native-health-connect:mergeDebugJniLibFolders
> Task :react-native-health-connect:mergeDebugNativeLibs NO-SOURCE
> Task :react-native-health-connect:copyDebugJniLibsProjectOnly
> Task :react-native-health-connect-expo:mergeDebugJniLibFolders
> Task :react-native-health-connect-expo:mergeDebugNativeLibs NO-SOURCE
> Task :react-native-health-connect-expo:copyDebugJniLibsProjectOnly
> Task :react-native-safe-area-context:mergeDebugJniLibFolders
> Task :react-native-safe-area-context:mergeDebugNativeLibs NO-SOURCE
> Task :react-native-safe-area-context:copyDebugJniLibsProjectOnly
> Task :react-native-screens:configureCMakeDebug[arm64-v8a]
> Task :react-native-gesture-handler:configureCMakeDebug[arm64-v8a]
> Task :expo-modules-core:configureCMakeDebug[arm64-v8a]
> Task :app:configureCMakeDebug[arm64-v8a]

> Task :app:compileDebugKotlin
w: file:///Users/kyrie/Documents/Codex%20Questlife/QuestLife-v1/android/app/src/main/java/com/kyrie/questlife/MainApplication.kt:9:8 'class ReactNativeHost : Any' is deprecated. Deprecated in Java.
w: file:///Users/kyrie/Documents/Codex%20Questlife/QuestLife-v1/android/app/src/main/java/com/kyrie/questlife/MainApplication.kt:21:16 This declaration overrides a deprecated member but is not marked as deprecated itself. Add the '@Deprecated' annotation or suppress the diagnostic.
w: file:///Users/kyrie/Documents/Codex%20Questlife/QuestLife-v1/android/app/src/main/java/com/kyrie/questlife/MainApplication.kt:21:33 'class ReactNativeHost : Any' is deprecated. Deprecated in Java.

> Task :app:compileDebugJavaWithJavac
> Task :react-native-gesture-handler:buildCMakeDebug[arm64-v8a]
> Task :app:transformDebugClassesWithAsm
> Task :react-native-gesture-handler:mergeDebugJniLibFolders
> Task :react-native-gesture-handler:mergeDebugNativeLibs
> Task :react-native-gesture-handler:copyDebugJniLibsProjectOnly
> Task :app:dexBuilderDebug
> Task :react-native-svg:mergeDebugJniLibFolders
> Task :react-native-svg:mergeDebugNativeLibs NO-SOURCE
> Task :react-native-svg:copyDebugJniLibsProjectOnly
> Task :react-native-webview:mergeDebugJniLibFolders
> Task :react-native-webview:mergeDebugNativeLibs NO-SOURCE
> Task :react-native-screens:buildCMakeDebug[arm64-v8a]
> Task :react-native-screens:mergeDebugJniLibFolders
> Task :react-native-screens:mergeDebugNativeLibs
> Task :react-native-webview:copyDebugJniLibsProjectOnly
> Task :expo-modules-core:buildCMakeDebug[arm64-v8a]
> Task :expo-modules-core:mergeDebugJniLibFolders
> Task :expo-modules-core:mergeDebugNativeLibs
> Task :expo-modules-core:copyDebugJniLibsProjectOnly
> Task :react-native-screens:copyDebugJniLibsProjectOnly
> Task :app:processDebugJavaRes
> Task :app:mergeDebugGlobalSynthetics
> Task :app:mergeProjectDexDebug
> Task :app:mergeLibDexDebug
> Task :app:mergeDebugJavaResource
> Task :app:mergeExtDexDebug
> Task :app:buildCMakeDebug[arm64-v8a]
> Task :app:mergeDebugJniLibFolders
> Task :app:validateSigningDebug
> Task :app:writeDebugAppMetadata
> Task :app:writeDebugSigningConfigVersions
> Task :app:mergeDebugNativeLibs
> Task :app:stripDebugDebugSymbols
> Task :app:packageDebug
> Task :app:createDebugApkListingFileRedirect
> Task :app:assembleDebug

[Incubating] Problems report is available at: file:///Users/kyrie/Documents/Codex%20Questlife/QuestLife-v1/android/build/reports/problems/problems-report.html

Deprecated Gradle features were used in this build, making it incompatible with Gradle 9.0.

You can use '--warning-mode all' to show the individual deprecation warnings and determine if they come from your own scripts or plugins.

For more on this, please refer to https://docs.gradle.org/8.14.3/userguide/command_line_interface.html#sec:command_line_warnings in the Gradle documentation.

BUILD SUCCESSFUL in 1m 14s
479 actionable tasks: 240 executed, 239 up-to-date
